Virus,Region,Sub-region,Date,Type,Case Number,Comments
Ebolavirus,Africa, Guinea,2014-03-25,Confirmed,86,
Ebolavirus,Africa, Guinea,2014-03-25,Deaths,59,
Ebolavirus,Africa, Guinea,2014-03-26,Confirmed,86,
Ebolavirus,Africa, Guinea,2014-03-26,Deaths,60,
Ebolavirus,Africa, Guinea,2014-03-27,Confirmed,103,
Ebolavirus,Africa, Guinea,2014-03-27,Deaths,66,
Ebolavirus,Africa, Guinea,2014-03-31,Confirmed,112,
Ebolavirus,Africa, Guinea,2014-03-31,Deaths,70,
Ebolavirus,Africa, Guinea,2014-04-01,Confirmed,122,
Ebolavirus,Africa, Guinea,2014-04-01,Deaths,80,
Ebolavirus,Africa, Guinea,2014-04-02,Confirmed,127,
Ebolavirus,Africa, Guinea,2014-04-02,Deaths,83,
Ebolavirus,Africa, Guinea,2014-04-07,Confirmed,151,
Ebolavirus,Africa, Guinea,2014-04-07,Deaths,95,
Ebolavirus,Africa, Guinea,2014-04-10,Confirmed,157,
Ebolavirus,Africa, Guinea,2014-04-10,Deaths,101,
Ebolavirus,Africa, Guinea,2014-04-17,Confirmed,197,
Ebolavirus,Africa, Guinea,2014-04-17,Deaths,122,
Ebolavirus,Africa, Guinea,2014-04-21,Confirmed,203,
Ebolavirus,Africa, Guinea,2014-04-21,Deaths,129,
Ebolavirus,Africa, Guinea,2014-04-23,Confirmed,208,
Ebolavirus,Africa, Guinea,2014-04-23,Deaths,136,
Ebolavirus,Africa, Guinea,2014-04-30,Confirmed,221,
Ebolavirus,Africa, Guinea,2014-04-30,Deaths,146,
Ebolavirus,Africa, Guinea,2014-05-05,Confirmed,231,
Ebolavirus,Africa, Guinea,2014-05-05,Deaths,155,
Ebolavirus,Africa, Guinea,2014-05-14,Confirmed,233,
Ebolavirus,Africa, Guinea,2014-05-14,Deaths,157,
Ebolavirus,Africa, Guinea,2014-05-23,Confirmed,258,
Ebolavirus,Africa, Guinea,2014-05-23,Deaths,174,
Ebolavirus,Africa, Guinea,2014-05-27,Confirmed,258,
Ebolavirus,Africa, Guinea,2014-05-27,Deaths,174,
Ebolavirus,Africa, Guinea,2014-05-28,Confirmed,281,
Ebolavirus,Africa, Guinea,2014-05-28,Deaths,186,
Ebolavirus,Africa, Guinea,2014-06-02,Confirmed,291,
Ebolavirus,Africa, Guinea,2014-06-02,Deaths,193,
Ebolavirus,Africa, Guinea,2014-06-05,Confirmed,344,
Ebolavirus,Africa, Guinea,2014-06-05,Deaths,215,
Ebolavirus,Africa, Guinea,2014-06-10,Confirmed,372,
Ebolavirus,Africa, Guinea,2014-06-10,Deaths,236,
Ebolavirus,Africa, Guinea,2014-06-11,Confirmed,376,
Ebolavirus,Africa, Guinea,2014-06-11,Deaths,241,
Ebolavirus,Africa, Guinea,2014-06-18,Confirmed,398,
Ebolavirus,Africa, Guinea,2014-06-18,Deaths,264,
Ebolavirus,Africa, Guinea,2014-06-24,Confirmed,390,
Ebolavirus,Africa, Guinea,2014-06-24,Deaths,270,
Ebolavirus,Africa, Guinea,2014-07-02,Confirmed,413,
Ebolavirus,Africa, Guinea,2014-07-02,Deaths,303,
Ebolavirus,Africa, Guinea,2014-07-07,Confirmed,412,
Ebolavirus,Africa, Guinea,2014-07-07,Deaths,305,
Ebolavirus,Africa, Guinea,2014-07-08,Confirmed,408,
Ebolavirus,Africa, Guinea,2014-07-08,Deaths,307,
Ebolavirus,Africa, Guinea,2014-07-14,Confirmed,409,
Ebolavirus,Africa, Guinea,2014-07-14,Deaths,309,
Ebolavirus,Africa, Guinea,2014-07-16,Confirmed,406,
Ebolavirus,Africa, Guinea,2014-07-16,Deaths,304,
Ebolavirus,Africa, Guinea,2014-07-21,Confirmed,410,
Ebolavirus,Africa, Guinea,2014-07-21,Deaths,310,
Ebolavirus,Africa, Guinea,2014-07-24,Confirmed,415,
Ebolavirus,Africa, Guinea,2014-07-24,Deaths,314,
Ebolavirus,Africa, Guinea,2014-07-28,Confirmed,427,
Ebolavirus,Africa, Guinea,2014-07-28,Deaths,319,
Ebolavirus,Africa, Guinea,2014-07-31,Confirmed,460,
Ebolavirus,Africa, Guinea,2014-07-31,Deaths,339,
Ebolavirus,Africa, Guinea,2014-08-03,Confirmed,472,
Ebolavirus,Africa, Guinea,2014-08-03,Deaths,346,
Ebolavirus,Africa, Guinea,2014-08-04,Confirmed,485,
Ebolavirus,Africa, Guinea,2014-08-04,Deaths,358,
Ebolavirus,Africa, Guinea,2014-08-08,Confirmed,495,
Ebolavirus,Africa, Guinea,2014-08-08,Deaths,367,
Ebolavirus,Africa, Guinea,2014-08-12,Confirmed,506,
Ebolavirus,Africa, Guinea,2014-08-12,Deaths,373,
Ebolavirus,Africa, Guinea,2014-08-13,Confirmed,510,
Ebolavirus,Africa, Guinea,2014-08-13,Deaths,377,
Ebolavirus,Africa, Guinea,2014-08-15,Confirmed,519,
Ebolavirus,Africa, Guinea,2014-08-15,Deaths,380,
Ebolavirus,Africa, Guinea,2014-08-19,Confirmed,543,
Ebolavirus,Africa, Guinea,2014-08-19,Deaths,394,
Ebolavirus,Africa, Guinea,2014-08-21,Confirmed,579,
Ebolavirus,Africa, Guinea,2014-08-21,Deaths,396,
Ebolavirus,Africa, Guinea,2014-08-22,Confirmed,607,
Ebolavirus,Africa, Guinea,2014-08-22,Deaths,406,
Ebolavirus,Africa, Guinea,2014-08-28,Confirmed,648,
Ebolavirus,Africa, Guinea,2014-08-28,Deaths,430,
Ebolavirus,Africa, Guinea,2014-09-06,Confirmed,812,
Ebolavirus,Africa, Guinea,2014-09-06,Deaths,517,
Ebolavirus,Africa, Guinea,2014-09-08,Confirmed,862,
Ebolavirus,Africa, Guinea,2014-09-08,Deaths,555,
Ebolavirus,Africa, Guinea,2014-09-12,Confirmed,861,
Ebolavirus,Africa, Guinea,2014-09-12,Deaths,557,
Ebolavirus,Africa, Guinea,2014-09-16,Confirmed,936,
Ebolavirus,Africa, Guinea,2014-09-16,Deaths,595,
Ebolavirus,Africa, Guinea,2014-09-18,Confirmed,942,
Ebolavirus,Africa, Guinea,2014-09-18,Deaths,601,
Ebolavirus,Africa, Guinea,2014-09-22,Confirmed,1008,
Ebolavirus,Africa, Guinea,2014-09-22,Deaths,632,
Ebolavirus,Africa, Guinea,2014-09-24,Confirmed,1022,
Ebolavirus,Africa, Guinea,2014-09-24,Deaths,635,
Ebolavirus,Africa, Guinea,2014-09-26,Confirmed,1074,
Ebolavirus,Africa, Guinea,2014-09-26,Deaths,648,
Ebolavirus,Africa, Guinea,2014-10-01,Confirmed,1157,
Ebolavirus,Africa, Guinea,2014-10-01,Deaths,710,
Ebolavirus,Africa, Guinea,2014-10-03,Confirmed,1199,
Ebolavirus,Africa, Guinea,2014-10-03,Deaths,739,
Ebolavirus,Africa, Guinea,2014-10-08,Confirmed,1298,
Ebolavirus,Africa, Guinea,2014-10-08,Deaths,768,
Ebolavirus,Africa, Guinea,2014-10-10,Confirmed,1350,
Ebolavirus,Africa, Guinea,2014-10-10,Deaths,778,
Ebolavirus,Africa, Guinea,2014-10-15,Confirmed,1472,
Ebolavirus,Africa, Guinea,2014-10-15,Deaths,843,
Ebolavirus,Africa, Guinea,2014-10-17,Confirmed,1519,
Ebolavirus,Africa, Guinea,2014-10-17,Deaths,862,
Ebolavirus,Africa, Guinea,2014-10-22,Confirmed,1540,
Ebolavirus,Africa, Guinea,2014-10-22,Deaths,904,
Ebolavirus,Africa, Guinea,2014-10-25,Confirmed,1553,
Ebolavirus,Africa, Guinea,2014-10-25,Deaths,926,
Ebolavirus,Africa, Guinea,2014-10-29,Confirmed,1906,
Ebolavirus,Africa, Guinea,2014-10-29,Deaths,997,
Ebolavirus,Africa, Guinea,2014-10-31,Confirmed,1667,
Ebolavirus,Africa, Guinea,2014-10-31,Deaths,1018,
Ebolavirus,Africa, Guinea,2014-11-05,Confirmed,1731,
Ebolavirus,Africa, Guinea,2014-11-05,Deaths,1041,
Ebolavirus,Africa, Guinea,2014-11-07,Confirmed,1760,
Ebolavirus,Africa, Guinea,2014-11-07,Deaths,1054,
Ebolavirus,Africa, Guinea,2014-11-12,Confirmed,1878,
Ebolavirus,Africa, Guinea,2014-11-12,Deaths,1142,
Ebolavirus,Africa, Guinea,2014-11-14,Confirmed,1919,
Ebolavirus,Africa, Guinea,2014-11-14,Deaths,1166,
Ebolavirus,Africa, Guinea,2014-11-19,Confirmed,1971,
Ebolavirus,Africa, Guinea,2014-11-19,Deaths,1192,
Ebolavirus,Africa, Guinea,2014-11-21,Confirmed,2047,
Ebolavirus,Africa, Guinea,2014-11-21,Deaths,1214,
Ebolavirus,Africa, Guinea,2014-11-26,Confirmed,2134,
Ebolavirus,Africa, Guinea,2014-11-26,Deaths,1260,
Ebolavirus,Africa, Guinea,2014-11-28,Confirmed,2155,
Ebolavirus,Africa, Guinea,2014-11-28,Deaths,1312,
Ebolavirus,Africa, Guinea,2014-12-03,Confirmed,2164,
Ebolavirus,Africa, Guinea,2014-12-03,Deaths,1327,
Ebolavirus,Africa, Guinea,2014-12-10,Confirmed,2292,
Ebolavirus,Africa, Guinea,2014-12-10,Deaths,1428,
Ebolavirus,Africa, Guinea,2014-12-17,Confirmed,2416,
Ebolavirus,Africa, Guinea,2014-12-17,Deaths,1525,
Ebolavirus,Africa, Guinea,2014-12-24,Confirmed,2597,
Ebolavirus,Africa, Guinea,2014-12-24,Deaths,1607,
Ebolavirus,Africa, Guinea,2014-12-31,Confirmed,2707,
Ebolavirus,Africa, Guinea,2014-12-31,Deaths,1708,
Ebolavirus,Africa, Guinea,2015-01-07,Confirmed,2775,
Ebolavirus,Africa, Guinea,2015-01-07,Deaths,1781,
Ebolavirus,Africa, Guinea,2015-01-14,Confirmed,2806,
Ebolavirus,Africa, Guinea,2015-01-14,Deaths,1814,
Ebolavirus,Africa, Guinea,2015-01-21,Confirmed,2871,
Ebolavirus,Africa, Guinea,2015-01-21,Deaths,1876,
Ebolavirus,Africa, Guinea,2015-01-28,Confirmed,2917,
Ebolavirus,Africa, Guinea,2015-01-28,Deaths,1910,
Ebolavirus,Africa, Guinea,2015-02-04,Confirmed,2975,
Ebolavirus,Africa, Guinea,2015-02-04,Deaths,1944,
Ebolavirus,Africa, Guinea,2015-02-11,Confirmed,3044,
Ebolavirus,Africa, Guinea,2015-02-11,Deaths,1995,
Ebolavirus,Africa, Guinea,2015-02-18,Confirmed,3108,
Ebolavirus,Africa, Guinea,2015-02-18,Deaths,2057,
Ebolavirus,Africa, Guinea,2015-02-25,Confirmed,3155,
Ebolavirus,Africa, Guinea,2015-02-25,Deaths,2091,
Ebolavirus,Africa, Guinea,2015-03-04,Confirmed,3219,
Ebolavirus,Africa, Guinea,2015-03-04,Deaths,2129,
Ebolavirus,Africa, Guinea,2015-03-11,Confirmed,3285,
Ebolavirus,Africa, Guinea,2015-03-11,Deaths,2170,
Ebolavirus,Africa, Guinea,2015-03-18,Confirmed,3389,
Ebolavirus,Africa, Guinea,2015-03-18,Deaths,2224,
Ebolavirus,Africa, Guinea,2015-03-25,Confirmed,3429,
Ebolavirus,Africa, Guinea,2015-03-25,Deaths,2263,
Ebolavirus,Africa, Guinea,2015-03-26,Confirmed,3459,
Ebolavirus,Africa, Guinea,2015-03-26,Deaths,2273,
Ebolavirus,Africa, Guinea,2015-03-27,Confirmed,3466,
Ebolavirus,Africa, Guinea,2015-03-27,Deaths,2276,
Ebolavirus,Africa, Guinea,2015-03-30,Confirmed,3485,
Ebolavirus,Africa, Guinea,2015-03-30,Deaths,2305,
Ebolavirus,Africa, Guinea,2015-03-31,Confirmed,3492,
Ebolavirus,Africa, Guinea,2015-03-31,Deaths,2314,
Ebolavirus,Africa, Guinea,2015-04-01,Confirmed,3492,
Ebolavirus,Africa, Guinea,2015-04-01,Deaths,2314,
Ebolavirus,Africa, Guinea,2015-04-02,Confirmed,3494,
Ebolavirus,Africa, Guinea,2015-04-02,Deaths,2320,
Ebolavirus,Africa, Guinea,2015-04-07,Confirmed,3515,
Ebolavirus,Africa, Guinea,2015-04-07,Deaths,2333,
Ebolavirus,Africa, Guinea,2015-04-08,Confirmed,3515,
Ebolavirus,Africa, Guinea,2015-04-08,Deaths,2333,
Ebolavirus,Africa, Guinea,2015-04-09,Confirmed,3515,
Ebolavirus,Africa, Guinea,2015-04-09,Deaths,2335,
Ebolavirus,Africa, Guinea,2015-04-10,Confirmed,3524,
Ebolavirus,Africa, Guinea,2015-04-10,Deaths,2337,
Ebolavirus,Africa, Guinea,2015-04-13,Confirmed,3541,
Ebolavirus,Africa, Guinea,2015-04-13,Deaths,2342,
Ebolavirus,Africa, Guinea,2015-04-14,Confirmed,3548,
Ebolavirus,Africa, Guinea,2015-04-14,Deaths,2346,
Ebolavirus,Africa, Guinea,2015-04-15,Confirmed,3548,
Ebolavirus,Africa, Guinea,2015-04-15,Deaths,2346,
Ebolavirus,Africa, Guinea,2015-04-16,Confirmed,3566,
Ebolavirus,Africa, Guinea,2015-04-16,Deaths,2348,
Ebolavirus,Africa, Guinea,2015-04-17,Confirmed,3569,
Ebolavirus,Africa, Guinea,2015-04-17,Deaths,2351,
Ebolavirus,Africa, Guinea,2015-04-18,Confirmed,3565,
Ebolavirus,Africa, Guinea,2015-04-18,Deaths,2357,
Ebolavirus,Africa, Guinea,2015-04-19,Confirmed,3565,
Ebolavirus,Africa, Guinea,2015-04-19,Confirmed,3565,
Ebolavirus,Africa, Guinea,2015-04-19,Deaths,2358,
Ebolavirus,Africa, Guinea,2015-04-19,Deaths,2358,
Ebolavirus,Africa, Guinea,2015-04-21,Confirmed,3568,
Ebolavirus,Africa, Guinea,2015-04-21,Deaths,2362,
Ebolavirus,Africa, Guinea,2015-04-22,Confirmed,3576,
Ebolavirus,Africa, Guinea,2015-04-22,Deaths,2365,
Ebolavirus,Africa, Guinea,2015-04-24,Confirmed,3585,
Ebolavirus,Africa, Guinea,2015-04-24,Deaths,2374,
Ebolavirus,Africa, Guinea,2015-04-26,Confirmed,3584,
Ebolavirus,Africa, Guinea,2015-04-26,Deaths,2377,
Ebolavirus,Africa, Guinea,2015-04-28,Confirmed,3581,
Ebolavirus,Africa, Guinea,2015-04-28,Deaths,2381,
Ebolavirus,Africa, Guinea,2015-04-29,Confirmed,3578,
Ebolavirus,Africa, Guinea,2015-04-29,Deaths,2383,
Ebolavirus,Africa, Guinea,2015-05-02,Confirmed,3591,
Ebolavirus,Africa, Guinea,2015-05-02,Deaths,2385,
Ebolavirus,Africa, Guinea,2015-05-03,Confirmed,3589,
Ebolavirus,Africa, Guinea,2015-05-03,Confirmed,3589,
Ebolavirus,Africa, Guinea,2015-05-03,Deaths,2386,
Ebolavirus,Africa, Guinea,2015-05-03,Deaths,2386,
Ebolavirus,Africa, Guinea,2015-05-05,Confirmed,3592,
Ebolavirus,Africa, Guinea,2015-05-05,Deaths,2387,
Ebolavirus,Africa, Guinea,2015-05-06,Confirmed,3592,
Ebolavirus,Africa, Guinea,2015-05-06,Deaths,2387,
Ebolavirus,Africa, Guinea,2015-05-09,Confirmed,3599,
Ebolavirus,Africa, Guinea,2015-05-09,Deaths,2391,
Ebolavirus,Africa, Guinea,2015-05-10,Confirmed,3597,
Ebolavirus,Africa, Guinea,2015-05-10,Deaths,2392,
Ebolavirus,Africa, Guinea,2015-05-12,Confirmed,3615,
Ebolavirus,Africa, Guinea,2015-05-12,Deaths,2399,
Ebolavirus,Africa, Guinea,2015-05-13,Confirmed,3619,
Ebolavirus,Africa, Guinea,2015-05-13,Deaths,2401,
Ebolavirus,Africa, Guinea,2015-05-16,Confirmed,3626,
Ebolavirus,Africa, Guinea,2015-05-16,Deaths,2405,
Ebolavirus,Africa, Guinea,2015-05-19,Confirmed,3649,
Ebolavirus,Africa, Guinea,2015-05-19,Deaths,2409,
Ebolavirus,Africa, Guinea,2015-05-20,Confirmed,3647,
Ebolavirus,Africa, Guinea,2015-05-20,Deaths,2412,
Ebolavirus,Africa, Guinea,2015-05-24,Confirmed,3641,
Ebolavirus,Africa, Guinea,2015-05-24,Deaths,2420,
Ebolavirus,Africa, Guinea,2015-05-26,Confirmed,3639,
Ebolavirus,Africa, Guinea,2015-05-26,Deaths,2423,
Ebolavirus,Africa, Guinea,2015-05-27,Confirmed,3644,
Ebolavirus,Africa, Guinea,2015-05-27,Deaths,2425,
Ebolavirus,Africa, Guinea,2015-05-30,Confirmed,3653,
Ebolavirus,Africa, Guinea,2015-05-30,Deaths,2428,
Ebolavirus,Africa, Guinea,2015-05-31,Confirmed,3652,
Ebolavirus,Africa, Guinea,2015-05-31,Deaths,2429,
Ebolavirus,Africa, Guinea,2015-06-04,Confirmed,3657,
Ebolavirus,Africa, Guinea,2015-06-04,Deaths,2431,
Ebolavirus,Africa, Guinea,2015-06-05,Confirmed,3664,
Ebolavirus,Africa, Guinea,2015-06-05,Deaths,2431,
Ebolavirus,Africa, Guinea,2015-06-06,Confirmed,3669,
Ebolavirus,Africa, Guinea,2015-06-06,Deaths,2435,
Ebolavirus,Africa, Guinea,2015-06-07,Confirmed,3670,
Ebolavirus,Africa, Guinea,2015-06-07,Deaths,2437,
Ebolavirus,Africa, Guinea,2015-06-09,Confirmed,3674,
Ebolavirus,Africa, Guinea,2015-06-09,Deaths,2440,
Ebolavirus,Africa, Guinea,2015-06-10,Confirmed,3677,
Ebolavirus,Africa, Guinea,2015-06-10,Deaths,2440,
Ebolavirus,Africa, Guinea,2015-06-13,Confirmed,3677,
Ebolavirus,Africa, Guinea,2015-06-13,Deaths,2443,
Ebolavirus,Africa, Guinea,2015-06-14,Confirmed,3678,
Ebolavirus,Africa, Guinea,2015-06-14,Deaths,2444,
Ebolavirus,Africa, Guinea,2015-06-16,Confirmed,3675,
Ebolavirus,Africa, Guinea,2015-06-16,Deaths,2445,
Ebolavirus,Africa, Guinea,2015-06-17,Confirmed,3674,
Ebolavirus,Africa, Guinea,2015-06-17,Deaths,2446,
Ebolavirus,Africa, Guinea,2015-06-21,Confirmed,3718,
Ebolavirus,Africa, Guinea,2015-06-21,Deaths,2473,
Ebolavirus,Africa, Guinea,2015-06-23,Confirmed,3718,
Ebolavirus,Africa, Guinea,2015-06-23,Deaths,2480,
Ebolavirus,Africa, Guinea,2015-06-24,Confirmed,3720,
Ebolavirus,Africa, Guinea,2015-06-24,Deaths,2480,
Ebolavirus,Africa, Guinea,2015-06-29,Confirmed,3724,
Ebolavirus,Africa, Guinea,2015-06-29,Deaths,2482,
Ebolavirus,Africa, Guinea,2015-06-30,Confirmed,3745,
Ebolavirus,Africa, Guinea,2015-06-30,Confirmed,3729,
Ebolavirus,Africa, Guinea,2015-06-30,Deaths,2490,
Ebolavirus,Africa, Guinea,2015-06-30,Deaths,2482,
Ebolavirus,Africa, Guinea,2015-07-03,Confirmed,3750,
Ebolavirus,Africa, Guinea,2015-07-03,Deaths,2492,
Ebolavirus,Africa, Guinea,2015-07-04,Confirmed,3744,
Ebolavirus,Africa, Guinea,2015-07-04,Deaths,2492,
Ebolavirus,Africa, Guinea,2015-07-05,Confirmed,3748,
Ebolavirus,Africa, Guinea,2015-07-05,Deaths,2499,
Ebolavirus,Africa, Guinea,2015-07-08,Confirmed,3748,
Ebolavirus,Africa, Guinea,2015-07-08,Deaths,2499,
Ebolavirus,Africa, Guinea,2015-07-09,Confirmed,3744,
Ebolavirus,Africa, Guinea,2015-07-09,Deaths,2505,
Ebolavirus,Africa, Guinea,2015-07-10,Confirmed,3751,
Ebolavirus,Africa, Guinea,2015-07-10,Deaths,2505,
Ebolavirus,Africa, Guinea,2015-07-13,Confirmed,3754,
Ebolavirus,Africa, Guinea,2015-07-13,Deaths,2506,
Ebolavirus,Africa, Guinea,2015-07-14,Confirmed,3760,
Ebolavirus,Africa, Guinea,2015-07-14,Deaths,2506,
Ebolavirus,Africa, Guinea,2015-07-15,Confirmed,3760,
Ebolavirus,Africa, Guinea,2015-07-15,Deaths,2506,
Ebolavirus,Africa, Guinea,2015-07-16,Confirmed,3762,
Ebolavirus,Africa, Guinea,2015-07-16,Deaths,2506,
Ebolavirus,Africa, Guinea,2015-07-17,Confirmed,3770,
Ebolavirus,Africa, Guinea,2015-07-17,Deaths,2509,
Ebolavirus,Africa, Guinea,2015-07-20,Confirmed,3784,
Ebolavirus,Africa, Guinea,2015-07-20,Deaths,2511,
Ebolavirus,Africa, Guinea,2015-07-21,Confirmed,3783,
Ebolavirus,Africa, Guinea,2015-07-21,Deaths,2512,
Ebolavirus,Africa, Guinea,2015-07-22,Confirmed,3783,
Ebolavirus,Africa, Guinea,2015-07-22,Deaths,2512,
Ebolavirus,Africa, Guinea,2015-07-23,Confirmed,3788,
Ebolavirus,Africa, Guinea,2015-07-23,Deaths,2516,
Ebolavirus,Africa, Guinea,2015-07-24,Confirmed,3787,
Ebolavirus,Africa, Guinea,2015-07-24,Deaths,2517,
Ebolavirus,Africa, Guinea,2015-07-27,Confirmed,3792,
Ebolavirus,Africa, Guinea,2015-07-27,Deaths,2519,
Ebolavirus,Africa, Guinea,2015-07-28,Confirmed,3786,
Ebolavirus,Africa, Guinea,2015-07-28,Deaths,2520,
Ebolavirus,Africa, Guinea,2015-07-29,Confirmed,3786,
Ebolavirus,Africa, Guinea,2015-07-29,Deaths,2520,
Ebolavirus,Africa, Guinea,2015-07-30,Confirmed,3785,
Ebolavirus,Africa, Guinea,2015-07-30,Deaths,2521,
Ebolavirus,Africa, Guinea,2015-07-31,Confirmed,3781,
Ebolavirus,Africa, Guinea,2015-07-31,Deaths,2521,
Ebolavirus,Africa, Guinea,2015-08-03,Confirmed,3786,
Ebolavirus,Africa, Guinea,2015-08-03,Deaths,2522,
Ebolavirus,Africa, Guinea,2015-08-04,Confirmed,3784,
Ebolavirus,Africa, Guinea,2015-08-04,Deaths,2522,
Ebolavirus,Africa, Guinea,2015-08-05,Confirmed,3784,
Ebolavirus,Africa, Guinea,2015-08-05,Deaths,2522,
Ebolavirus,Africa, Guinea,2015-08-06,Confirmed,3792,
Ebolavirus,Africa, Guinea,2015-08-06,Deaths,2524,
Ebolavirus,Africa, Guinea,2015-08-07,Confirmed,3795,
Ebolavirus,Africa, Guinea,2015-08-07,Deaths,2524,
Ebolavirus,Africa, Guinea,2015-08-10,Confirmed,3791,
Ebolavirus,Africa, Guinea,2015-08-10,Deaths,2524,
Ebolavirus,Africa, Guinea,2015-08-11,Confirmed,3787,
Ebolavirus,Africa, Guinea,2015-08-11,Deaths,2524,
Ebolavirus,Africa, Guinea,2015-08-13,Confirmed,3792,
Ebolavirus,Africa, Guinea,2015-08-13,Deaths,2524,
Ebolavirus,Africa, Guinea,2015-08-14,Confirmed,3791,
Ebolavirus,Africa, Guinea,2015-08-14,Deaths,2524,
Ebolavirus,Africa, Guinea,2015-08-17,Confirmed,3790,
Ebolavirus,Africa, Guinea,2015-08-17,Deaths,2524,
Ebolavirus,Africa, Guinea,2015-08-18,Confirmed,3786,
Ebolavirus,Africa, Guinea,2015-08-18,Deaths,2524,
Ebolavirus,Africa, Guinea,2015-08-20,Confirmed,3792,
Ebolavirus,Africa, Guinea,2015-08-20,Deaths,2526,
Ebolavirus,Africa, Guinea,2015-08-21,Confirmed,3795,
Ebolavirus,Africa, Guinea,2015-08-21,Deaths,2526,
Ebolavirus,Africa, Guinea,2015-08-24,Confirmed,3790,
Ebolavirus,Africa, Guinea,2015-08-24,Deaths,2527,
Ebolavirus,Africa, Guinea,2015-08-25,Confirmed,3792,
Ebolavirus,Africa, Guinea,2015-08-25,Deaths,2527,
Ebolavirus,Africa, Guinea,2015-08-27,Confirmed,3797,
Ebolavirus,Africa, Guinea,2015-08-27,Deaths,2528,
Ebolavirus,Africa, Guinea,2015-08-28,Confirmed,3797,
Ebolavirus,Africa, Guinea,2015-08-28,Deaths,2528,
Ebolavirus,Africa, Guinea,2015-08-31,Confirmed,3790,
Ebolavirus,Africa, Guinea,2015-08-31,Deaths,2528,
Ebolavirus,Africa, Guinea,2015-09-01,Confirmed,3792,
Ebolavirus,Africa, Guinea,2015-09-01,Deaths,2529,
Ebolavirus,Africa, Guinea,2015-09-03,Confirmed,3792,
Ebolavirus,Africa, Guinea,2015-09-03,Deaths,2529,
Ebolavirus,Africa, Guinea,2015-09-04,Confirmed,3792,
Ebolavirus,Africa, Guinea,2015-09-04,Deaths,2529,
Ebolavirus,Africa, Guinea,2015-09-08,Confirmed,3792,
Ebolavirus,Africa, Guinea,2015-09-08,Deaths,2530,
Ebolavirus,Africa, Guinea,2015-09-10,Confirmed,3791,
Ebolavirus,Africa, Guinea,2015-09-10,Deaths,2530,
Ebolavirus,Africa, Guinea,2015-09-11,Confirmed,3791,
Ebolavirus,Africa, Guinea,2015-09-11,Deaths,2530,
Ebolavirus,Africa, Guinea,2015-09-14,Confirmed,3793,
Ebolavirus,Africa, Guinea,2015-09-14,Deaths,2530,
Ebolavirus,Africa, Guinea,2015-09-15,Confirmed,3792,
Ebolavirus,Africa, Guinea,2015-09-15,Deaths,2530,
Ebolavirus,Africa, Guinea,2015-09-17,Confirmed,3794,
Ebolavirus,Africa, Guinea,2015-09-17,Deaths,2530,
Ebolavirus,Africa, Guinea,2015-09-18,Confirmed,3794,
Ebolavirus,Africa, Guinea,2015-09-18,Deaths,2531,
Ebolavirus,Africa, Guinea,2015-09-21,Confirmed,3797,
Ebolavirus,Africa, Guinea,2015-09-21,Deaths,2532,
Ebolavirus,Africa, Guinea,2015-09-22,Confirmed,3800,
Ebolavirus,Africa, Guinea,2015-09-22,Deaths,2532,
Ebolavirus,Africa, Guinea,2015-09-24,Confirmed,3801,
Ebolavirus,Africa, Guinea,2015-09-24,Deaths,2533,
Ebolavirus,Africa, Guinea,2015-09-28,Confirmed,3805,
Ebolavirus,Africa, Guinea,2015-09-28,Deaths,2533,
Ebolavirus,Africa, Guinea,2015-09-29,Confirmed,3805,
Ebolavirus,Africa, Guinea,2015-09-29,Deaths,2533,
Ebolavirus,Africa, Guinea,2015-10-01,Confirmed,3808,
Ebolavirus,Africa, Guinea,2015-10-01,Deaths,2533,
Ebolavirus,Africa, Guinea,2015-10-02,Confirmed,3809,
Ebolavirus,Africa, Guinea,2015-10-02,Deaths,2533,
Ebolavirus,Africa, Guinea,2015-10-05,Confirmed,3804,
Ebolavirus,Africa, Guinea,2015-10-05,Deaths,2534,
Ebolavirus,Africa, Guinea,2015-10-07,Confirmed,3804,
Ebolavirus,Africa, Guinea,2015-10-07,Deaths,2534,
Ebolavirus,Africa, Guinea,2015-10-08,Confirmed,3799,
Ebolavirus,Africa, Guinea,2015-10-08,Deaths,2534,
Ebolavirus,Africa, Guinea,2015-10-09,Confirmed,3800,
Ebolavirus,Africa, Guinea,2015-10-09,Deaths,2534,
Ebolavirus,Africa, Guinea,2015-10-12,Confirmed,3798,
Ebolavirus,Africa, Guinea,2015-10-12,Deaths,2534,
Ebolavirus,Africa, Guinea,2015-10-13,Confirmed,3800,
Ebolavirus,Africa, Guinea,2015-10-13,Deaths,2534,
Ebolavirus,Africa, Guinea,2015-10-15,Confirmed,3802,
Ebolavirus,Africa, Guinea,2015-10-15,Deaths,2534,
Ebolavirus,Africa, Guinea,2015-10-16,Confirmed,3804,
Ebolavirus,Africa, Guinea,2015-10-16,Deaths,2535,
Ebolavirus,Africa, Guinea,2015-10-19,Confirmed,3806,
Ebolavirus,Africa, Guinea,2015-10-19,Deaths,2535,
Ebolavirus,Africa, Guinea,2015-10-20,Confirmed,3803,
Ebolavirus,Africa, Guinea,2015-10-20,Deaths,2535,
Ebolavirus,Africa, Guinea,2015-10-22,Confirmed,3801,
Ebolavirus,Africa, Guinea,2015-10-22,Deaths,2535,
Ebolavirus,Africa, Guinea,2015-10-23,Confirmed,3801,
Ebolavirus,Africa, Guinea,2015-10-23,Deaths,2535,
Ebolavirus,Africa, Guinea,2015-10-26,Confirmed,3804,
Ebolavirus,Africa, Guinea,2015-10-26,Deaths,2535,
Ebolavirus,Africa, Guinea,2015-10-27,Confirmed,3806,
Ebolavirus,Africa, Guinea,2015-10-27,Deaths,2535,
Ebolavirus,Africa, Guinea,2015-10-29,Confirmed,3808,
Ebolavirus,Africa, Guinea,2015-10-29,Deaths,2536,
Ebolavirus,Africa, Guinea,2015-10-30,Confirmed,3808,
Ebolavirus,Africa, Guinea,2015-10-30,Deaths,2536,
Ebolavirus,Africa, Guinea,2015-11-02,Confirmed,3808,
Ebolavirus,Africa, Guinea,2015-11-02,Deaths,2536,
Ebolavirus,Africa, Guinea,2015-11-03,Confirmed,3810,
Ebolavirus,Africa, Guinea,2015-11-03,Deaths,2536,
Ebolavirus,Africa, Guinea,2015-11-05,Confirmed,3805,
Ebolavirus,Africa, Guinea,2015-11-05,Deaths,2536,
Ebolavirus,Africa, Guinea,2015-11-06,Confirmed,3805,
Ebolavirus,Africa, Guinea,2015-11-06,Deaths,2536,
Ebolavirus,Africa, Guinea,2015-11-09,Confirmed,3806,
Ebolavirus,Africa, Guinea,2015-11-09,Deaths,2536,
Ebolavirus,Africa, Guinea,2015-11-10,Confirmed,3805,
Ebolavirus,Africa, Guinea,2015-11-10,Deaths,2536,
Ebolavirus,Africa, Guinea,2015-11-12,Confirmed,3805,
Ebolavirus,Africa, Guinea,2015-11-12,Deaths,2536,
Ebolavirus,Africa, Guinea,2015-11-16,Confirmed,3805,
Ebolavirus,Africa, Guinea,2015-11-16,Deaths,2536,
Ebolavirus,Africa, Guinea,2015-11-17,Confirmed,3404,
Ebolavirus,Africa, Guinea,2015-11-17,Deaths,2536,
Ebolavirus,Africa, Guinea,2015-11-18,Confirmed,3804,
Ebolavirus,Africa, Guinea,2015-11-18,Deaths,2536,
Ebolavirus,Africa, Guinea,2015-11-19,Confirmed,3806,
Ebolavirus,Africa, Guinea,2015-11-19,Deaths,2536,
Ebolavirus,Africa, Guinea,2015-11-20,Confirmed,3804,
Ebolavirus,Africa, Guinea,2015-11-20,Deaths,2536,
Ebolavirus,Africa, Guinea,2015-11-23,Confirmed,3804,
Ebolavirus,Africa, Guinea,2015-11-23,Deaths,2536,
Ebolavirus,Africa, Guinea,2015-11-24,Confirmed,3804,
Ebolavirus,Africa, Guinea,2015-11-24,Deaths,2536,
Ebolavirus,Africa, Guinea,2015-11-25,Confirmed,3804,
Ebolavirus,Africa, Guinea,2015-11-25,Deaths,2536,
Ebolavirus,Africa, Guinea,2015-11-26,Confirmed,3804,
Ebolavirus,Africa, Guinea,2015-11-26,Deaths,2536,
Ebolavirus,Africa, Guinea,2015-11-27,Confirmed,3804,
Ebolavirus,Africa, Guinea,2015-11-27,Deaths,2536,
Ebolavirus,Africa, Guinea,2015-11-30,Confirmed,3804,
Ebolavirus,Africa, Guinea,2015-11-30,Deaths,2536,
Ebolavirus,Africa, Guinea,2015-12-01,Confirmed,3804,
Ebolavirus,Africa, Guinea,2015-12-01,Deaths,2536,
Ebolavirus,Africa, Guinea,2015-12-02,Confirmed,3804,
Ebolavirus,Africa, Guinea,2015-12-02,Deaths,2536,
Ebolavirus,Africa, Guinea,2015-12-03,Confirmed,3805,
Ebolavirus,Africa, Guinea,2015-12-03,Deaths,2536,
Ebolavirus,Africa, Guinea,2015-12-04,Confirmed,3805,
Ebolavirus,Africa, Guinea,2015-12-04,Deaths,2536,
Ebolavirus,Africa, Guinea,2015-12-07,Confirmed,3804,
Ebolavirus,Africa, Guinea,2015-12-07,Deaths,2536,
Ebolavirus,Africa, Guinea,2015-12-08,Confirmed,3804,
Ebolavirus,Africa, Guinea,2015-12-08,Deaths,2536,
Ebolavirus,Africa, Guinea,2015-12-09,Confirmed,3804,
Ebolavirus,Africa, Guinea,2015-12-09,Deaths,2536,
Ebolavirus,Africa, Guinea,2015-12-10,Confirmed,3804,
Ebolavirus,Africa, Guinea,2015-12-10,Deaths,2536,
Ebolavirus,Africa, Guinea,2015-12-11,Confirmed,3804,
Ebolavirus,Africa, Guinea,2015-12-11,Deaths,2536,
Ebolavirus,Africa, Guinea,2015-12-14,Confirmed,3806,
Ebolavirus,Africa, Guinea,2015-12-14,Deaths,2536,
Ebolavirus,Africa, Guinea,2015-12-15,Confirmed,3807,
Ebolavirus,Africa, Guinea,2015-12-15,Deaths,2536,
Ebolavirus,Africa, Guinea,2015-12-16,Confirmed,3807,
Ebolavirus,Africa, Guinea,2015-12-16,Deaths,2536,
Ebolavirus,Africa, Guinea,2015-12-17,Confirmed,3805,
Ebolavirus,Africa, Guinea,2015-12-17,Deaths,2536,
Ebolavirus,Africa, Guinea,2015-12-18,Confirmed,3804,
Ebolavirus,Africa, Guinea,2015-12-18,Deaths,2536,
Ebolavirus,Africa, Guinea,2015-12-21,Confirmed,3804,
Ebolavirus,Africa, Guinea,2015-12-21,Deaths,2536,
Ebolavirus,Africa, Guinea,2015-12-22,Confirmed,3804,
Ebolavirus,Africa, Guinea,2015-12-22,Deaths,2536,
Ebolavirus,Africa, Guinea,2015-12-23,Confirmed,3804,
Ebolavirus,Africa, Guinea,2015-12-23,Deaths,2536,
Ebolavirus,Africa, Guinea,2015-12-24,Confirmed,3804,
Ebolavirus,Africa, Guinea,2015-12-24,Deaths,2536,
Ebolavirus,Africa, Guinea,2015-12-25,Confirmed,3805,
Ebolavirus,Africa, Guinea,2015-12-25,Deaths,2536,
Ebolavirus,Africa, Guinea,2015-12-28,Confirmed,3804,
Ebolavirus,Africa, Guinea,2015-12-28,Deaths,2536,
Ebolavirus,Africa, Guinea,2015-12-29,Confirmed,3804,
Ebolavirus,Africa, Guinea,2015-12-29,Deaths,2536,
Ebolavirus,Africa, Guinea,2015-12-30,Confirmed,3804,
Ebolavirus,Africa, Guinea,2015-12-30,Deaths,2536,
Ebolavirus,Africa, Guinea,2016-01-06,Confirmed,3804,
Ebolavirus,Africa, Guinea,2016-01-06,Deaths,2536,
Ebolavirus,Africa, Guinea,2016-01-13,Confirmed,3804,
Ebolavirus,Africa, Guinea,2016-01-13,Deaths,2536,
Ebolavirus,Africa, Guinea,2016-01-20,Confirmed,3804,
Ebolavirus,Africa, Guinea,2016-01-20,Deaths,2536,
Ebolavirus,Africa, Guinea,2016-01-27,Confirmed,3804,
Ebolavirus,Africa, Guinea,2016-01-27,Deaths,2536,
Ebolavirus,Africa, Guinea,2016-02-03,Confirmed,3804,
Ebolavirus,Africa, Guinea,2016-02-03,Deaths,2536,
Ebolavirus,Africa, Guinea,2016-02-10,Confirmed,3804,
Ebolavirus,Africa, Guinea,2016-02-10,Deaths,2536,
Ebolavirus,Africa, Guinea,2016-02-17,Confirmed,3804,
Ebolavirus,Africa, Guinea,2016-02-17,Deaths,2536,
Ebolavirus,Africa, Guinea,2016-03-03,Confirmed,3804,
Ebolavirus,Africa, Guinea,2016-03-03,Deaths,2536,
Ebolavirus,Africa, Guinea,2016-03-23,Confirmed,3809,
Ebolavirus,Africa, Guinea,2016-03-23,Deaths,2540,
Ebolavirus,Africa, Guinea,2016-03-30,Confirmed,3811,
Ebolavirus,Africa, Guinea,2016-03-30,Deaths,2543,
Ebolavirus,Africa, Guinea,2016-04-13,Confirmed,3814,
Ebolavirus,Africa, Guinea,2016-04-13,Deaths,2544,
Ebolavirus,Africa, Liberia,2014-03-25,Confirmed,0,
Ebolavirus,Africa, Liberia,2014-03-25,Deaths,0,
Ebolavirus,Africa, Liberia,2014-03-26,Confirmed,0,
Ebolavirus,Africa, Liberia,2014-03-26,Deaths,0,
Ebolavirus,Africa, Liberia,2014-03-27,Confirmed,8,
Ebolavirus,Africa, Liberia,2014-03-27,Deaths,6,
Ebolavirus,Africa, Liberia,2014-03-31,Confirmed,8,
Ebolavirus,Africa, Liberia,2014-03-31,Deaths,6,
Ebolavirus,Africa, Liberia,2014-04-01,Confirmed,8,
Ebolavirus,Africa, Liberia,2014-04-01,Deaths,2,
Ebolavirus,Africa, Liberia,2014-04-02,Confirmed,8,
Ebolavirus,Africa, Liberia,2014-04-02,Deaths,5,
Ebolavirus,Africa, Liberia,2014-04-07,Confirmed,18,
Ebolavirus,Africa, Liberia,2014-04-07,Deaths,7,
Ebolavirus,Africa, Liberia,2014-04-10,Confirmed,22,
Ebolavirus,Africa, Liberia,2014-04-10,Deaths,14,
Ebolavirus,Africa, Liberia,2014-04-17,Confirmed,27,
Ebolavirus,Africa, Liberia,2014-04-17,Deaths,13,
Ebolavirus,Africa, Liberia,2014-04-21,Confirmed,27,
Ebolavirus,Africa, Liberia,2014-04-21,Deaths,13,
Ebolavirus,Africa, Liberia,2014-04-23,Confirmed,34,
Ebolavirus,Africa, Liberia,2014-04-23,Deaths,11,
Ebolavirus,Africa, Liberia,2014-04-30,Confirmed,13,
Ebolavirus,Africa, Liberia,2014-04-30,Deaths,11,
Ebolavirus,Africa, Liberia,2014-05-05,Confirmed,13,
Ebolavirus,Africa, Liberia,2014-05-05,Deaths,11,
Ebolavirus,Africa, Liberia,2014-05-14,Confirmed,12,
Ebolavirus,Africa, Liberia,2014-05-14,Deaths,11,
Ebolavirus,Africa, Liberia,2014-05-23,Confirmed,12,
Ebolavirus,Africa, Liberia,2014-05-23,Deaths,9,
Ebolavirus,Africa, Liberia,2014-05-27,Confirmed,12,
Ebolavirus,Africa, Liberia,2014-05-27,Deaths,9,
Ebolavirus,Africa, Liberia,2014-05-28,Confirmed,12,
Ebolavirus,Africa, Liberia,2014-05-28,Deaths,9,
Ebolavirus,Africa, Liberia,2014-06-02,Confirmed,13,
Ebolavirus,Africa, Liberia,2014-06-02,Deaths,9,
Ebolavirus,Africa, Liberia,2014-06-05,Confirmed,13,
Ebolavirus,Africa, Liberia,2014-06-05,Deaths,9,
Ebolavirus,Africa, Liberia,2014-06-10,Confirmed,15,
Ebolavirus,Africa, Liberia,2014-06-10,Deaths,10,
Ebolavirus,Africa, Liberia,2014-06-11,Confirmed,15,
Ebolavirus,Africa, Liberia,2014-06-11,Deaths,10,
Ebolavirus,Africa, Liberia,2014-06-18,Confirmed,33,
Ebolavirus,Africa, Liberia,2014-06-18,Deaths,24,
Ebolavirus,Africa, Liberia,2014-06-24,Confirmed,51,
Ebolavirus,Africa, Liberia,2014-06-24,Deaths,34,
Ebolavirus,Africa, Liberia,2014-07-02,Confirmed,107,
Ebolavirus,Africa, Liberia,2014-07-02,Deaths,65,
Ebolavirus,Africa, Liberia,2014-07-07,Confirmed,115,
Ebolavirus,Africa, Liberia,2014-07-07,Deaths,75,
Ebolavirus,Africa, Liberia,2014-07-08,Confirmed,131,
Ebolavirus,Africa, Liberia,2014-07-08,Deaths,84,
Ebolavirus,Africa, Liberia,2014-07-14,Confirmed,142,
Ebolavirus,Africa, Liberia,2014-07-14,Deaths,88,
Ebolavirus,Africa, Liberia,2014-07-16,Confirmed,172,
Ebolavirus,Africa, Liberia,2014-07-16,Deaths,105,
Ebolavirus,Africa, Liberia,2014-07-21,Confirmed,196,
Ebolavirus,Africa, Liberia,2014-07-21,Deaths,116,
Ebolavirus,Africa, Liberia,2014-07-24,Confirmed,224,
Ebolavirus,Africa, Liberia,2014-07-24,Deaths,127,
Ebolavirus,Africa, Liberia,2014-07-28,Confirmed,249,
Ebolavirus,Africa, Liberia,2014-07-28,Deaths,129,
Ebolavirus,Africa, Liberia,2014-07-31,Confirmed,329,
Ebolavirus,Africa, Liberia,2014-07-31,Deaths,156,
Ebolavirus,Africa, Liberia,2014-08-03,Confirmed,391,
Ebolavirus,Africa, Liberia,2014-08-03,Deaths,227,
Ebolavirus,Africa, Liberia,2014-08-04,Confirmed,486,
Ebolavirus,Africa, Liberia,2014-08-04,Deaths,255,
Ebolavirus,Africa, Liberia,2014-08-08,Confirmed,554,
Ebolavirus,Africa, Liberia,2014-08-08,Deaths,294,
Ebolavirus,Africa, Liberia,2014-08-12,Confirmed,599,
Ebolavirus,Africa, Liberia,2014-08-12,Deaths,323,
Ebolavirus,Africa, Liberia,2014-08-13,Confirmed,670,
Ebolavirus,Africa, Liberia,2014-08-13,Deaths,355,
Ebolavirus,Africa, Liberia,2014-08-15,Confirmed,786,
Ebolavirus,Africa, Liberia,2014-08-15,Deaths,348,
Ebolavirus,Africa, Liberia,2014-08-19,Confirmed,834,
Ebolavirus,Africa, Liberia,2014-08-19,Deaths,466,
Ebolavirus,Africa, Liberia,2014-08-21,Confirmed,972,
Ebolavirus,Africa, Liberia,2014-08-21,Deaths,576,
Ebolavirus,Africa, Liberia,2014-08-22,Confirmed,1082,
Ebolavirus,Africa, Liberia,2014-08-22,Deaths,624,
Ebolavirus,Africa, Liberia,2014-08-28,Confirmed,1378,
Ebolavirus,Africa, Liberia,2014-08-28,Deaths,694,
Ebolavirus,Africa, Liberia,2014-09-06,Confirmed,1871,
Ebolavirus,Africa, Liberia,2014-09-06,Deaths,1089,
Ebolavirus,Africa, Liberia,2014-09-08,Confirmed,2046,
Ebolavirus,Africa, Liberia,2014-09-08,Deaths,1224,
Ebolavirus,Africa, Liberia,2014-09-12,Confirmed,2081,
Ebolavirus,Africa, Liberia,2014-09-12,Deaths,1137,
Ebolavirus,Africa, Liberia,2014-09-16,Confirmed,2407,
Ebolavirus,Africa, Liberia,2014-09-16,Deaths,1296,
Ebolavirus,Africa, Liberia,2014-09-18,Confirmed,2710,
Ebolavirus,Africa, Liberia,2014-09-18,Deaths,1459,
Ebolavirus,Africa, Liberia,2014-09-22,Confirmed,3022,
Ebolavirus,Africa, Liberia,2014-09-22,Deaths,1578,
Ebolavirus,Africa, Liberia,2014-09-24,Confirmed,3280,
Ebolavirus,Africa, Liberia,2014-09-24,Deaths,1677,
Ebolavirus,Africa, Liberia,2014-09-26,Confirmed,3458,
Ebolavirus,Africa, Liberia,2014-09-26,Deaths,1830,
Ebolavirus,Africa, Liberia,2014-10-01,Confirmed,3696,
Ebolavirus,Africa, Liberia,2014-10-01,Deaths,1998,
Ebolavirus,Africa, Liberia,2014-10-03,Confirmed,3834,
Ebolavirus,Africa, Liberia,2014-10-03,Deaths,2069,
Ebolavirus,Africa, Liberia,2014-10-08,Confirmed,3924,
Ebolavirus,Africa, Liberia,2014-10-08,Deaths,2210,
Ebolavirus,Africa, Liberia,2014-10-10,Confirmed,4076,
Ebolavirus,Africa, Liberia,2014-10-10,Deaths,2316,
Ebolavirus,Africa, Liberia,2014-10-15,Confirmed,4249,
Ebolavirus,Africa, Liberia,2014-10-15,Deaths,2458,
Ebolavirus,Africa, Liberia,2014-10-17,Confirmed,4262,
Ebolavirus,Africa, Liberia,2014-10-17,Deaths,2484,
Ebolavirus,Africa, Liberia,2014-10-22,Confirmed,4665,
Ebolavirus,Africa, Liberia,2014-10-22,Deaths,2705,
Ebolavirus,Africa, Liberia,2014-10-25,Confirmed,4665,
Ebolavirus,Africa, Liberia,2014-10-25,Deaths,2705,
Ebolavirus,Africa, Liberia,2014-10-29,Confirmed,6535,
Ebolavirus,Africa, Liberia,2014-10-29,Deaths,2413,
Ebolavirus,Africa, Liberia,2014-10-31,Confirmed,6535,
Ebolavirus,Africa, Liberia,2014-10-31,Deaths,2413,
Ebolavirus,Africa, Liberia,2014-11-05,Confirmed,6525,
Ebolavirus,Africa, Liberia,2014-11-05,Deaths,2697,
Ebolavirus,Africa, Liberia,2014-11-07,Confirmed,6619,
Ebolavirus,Africa, Liberia,2014-11-07,Deaths,2766,
Ebolavirus,Africa, Liberia,2014-11-12,Confirmed,6822,
Ebolavirus,Africa, Liberia,2014-11-12,Deaths,2836,
Ebolavirus,Africa, Liberia,2014-11-14,Confirmed,6878,
Ebolavirus,Africa, Liberia,2014-11-14,Deaths,2812,
Ebolavirus,Africa, Liberia,2014-11-19,Confirmed,7069,
Ebolavirus,Africa, Liberia,2014-11-19,Deaths,2964,
Ebolavirus,Africa, Liberia,2014-11-21,Confirmed,7082,
Ebolavirus,Africa, Liberia,2014-11-21,Deaths,2963,
Ebolavirus,Africa, Liberia,2014-11-26,Confirmed,7168,
Ebolavirus,Africa, Liberia,2014-11-26,Deaths,3016,
Ebolavirus,Africa, Liberia,2014-11-28,Confirmed,7635,
Ebolavirus,Africa, Liberia,2014-11-28,Deaths,3145,
Ebolavirus,Africa, Liberia,2014-12-03,Confirmed,7635,
Ebolavirus,Africa, Liberia,2014-12-03,Deaths,3145,
Ebolavirus,Africa, Liberia,2014-12-10,Confirmed,7719,
Ebolavirus,Africa, Liberia,2014-12-10,Deaths,3177,
Ebolavirus,Africa, Liberia,2014-12-17,Confirmed,7797,
Ebolavirus,Africa, Liberia,2014-12-17,Deaths,3290,
Ebolavirus,Africa, Liberia,2014-12-24,Confirmed,7862,
Ebolavirus,Africa, Liberia,2014-12-24,Deaths,3384,
Ebolavirus,Africa, Liberia,2014-12-31,Confirmed,8018,
Ebolavirus,Africa, Liberia,2014-12-31,Deaths,3423,
Ebolavirus,Africa, Liberia,2015-01-07,Confirmed,8157,
Ebolavirus,Africa, Liberia,2015-01-07,Deaths,3496,
Ebolavirus,Africa, Liberia,2015-01-14,Confirmed,8331,
Ebolavirus,Africa, Liberia,2015-01-14,Deaths,3538,
Ebolavirus,Africa, Liberia,2015-01-21,Confirmed,8478,
Ebolavirus,Africa, Liberia,2015-01-21,Deaths,3605,
Ebolavirus,Africa, Liberia,2015-01-28,Confirmed,8622,
Ebolavirus,Africa, Liberia,2015-01-28,Deaths,3686,
Ebolavirus,Africa, Liberia,2015-02-04,Confirmed,8745,
Ebolavirus,Africa, Liberia,2015-02-04,Deaths,3746,
Ebolavirus,Africa, Liberia,2015-02-11,Confirmed,8881,
Ebolavirus,Africa, Liberia,2015-02-11,Deaths,3826,
Ebolavirus,Africa, Liberia,2015-02-18,Confirmed,9007,
Ebolavirus,Africa, Liberia,2015-02-18,Deaths,3900,
Ebolavirus,Africa, Liberia,2015-02-25,Confirmed,9238,
Ebolavirus,Africa, Liberia,2015-02-25,Deaths,4037,
Ebolavirus,Africa, Liberia,2015-03-04,Confirmed,9249,
Ebolavirus,Africa, Liberia,2015-03-04,Deaths,4117,
Ebolavirus,Africa, Liberia,2015-03-11,Confirmed,9343,
Ebolavirus,Africa, Liberia,2015-03-11,Deaths,4162,
Ebolavirus,Africa, Liberia,2015-03-18,Confirmed,9526,
Ebolavirus,Africa, Liberia,2015-03-18,Deaths,4264,
Ebolavirus,Africa, Liberia,2015-03-25,Confirmed,9602,
Ebolavirus,Africa, Liberia,2015-03-25,Deaths,4301,
Ebolavirus,Africa, Liberia,2015-03-26,Confirmed,9602,
Ebolavirus,Africa, Liberia,2015-03-26,Deaths,4301,
Ebolavirus,Africa, Liberia,2015-03-27,Confirmed,9602,
Ebolavirus,Africa, Liberia,2015-03-27,Deaths,4301,
Ebolavirus,Africa, Liberia,2015-03-30,Confirmed,9602,
Ebolavirus,Africa, Liberia,2015-03-30,Deaths,4301,
Ebolavirus,Africa, Liberia,2015-03-31,Confirmed,9712,
Ebolavirus,Africa, Liberia,2015-03-31,Deaths,4332,
Ebolavirus,Africa, Liberia,2015-04-01,Confirmed,9712,
Ebolavirus,Africa, Liberia,2015-04-01,Deaths,4332,
Ebolavirus,Africa, Liberia,2015-04-02,Confirmed,9712,
Ebolavirus,Africa, Liberia,2015-04-02,Deaths,4332,
Ebolavirus,Africa, Liberia,2015-04-07,Confirmed,9862,
Ebolavirus,Africa, Liberia,2015-04-07,Deaths,4408,
Ebolavirus,Africa, Liberia,2015-04-08,Confirmed,9862,
Ebolavirus,Africa, Liberia,2015-04-08,Deaths,4408,
Ebolavirus,Africa, Liberia,2015-04-09,Confirmed,9862,
Ebolavirus,Africa, Liberia,2015-04-09,Deaths,4408,
Ebolavirus,Africa, Liberia,2015-04-10,Confirmed,9862,
Ebolavirus,Africa, Liberia,2015-04-10,Deaths,4408,
Ebolavirus,Africa, Liberia,2015-04-13,Confirmed,9862,
Ebolavirus,Africa, Liberia,2015-04-13,Deaths,4408,
Ebolavirus,Africa, Liberia,2015-04-14,Confirmed,9862,
Ebolavirus,Africa, Liberia,2015-04-14,Deaths,4408,
Ebolavirus,Africa, Liberia,2015-04-15,Confirmed,10042,
Ebolavirus,Africa, Liberia,2015-04-15,Deaths,4486,
Ebolavirus,Africa, Liberia,2015-04-16,Confirmed,10042,
Ebolavirus,Africa, Liberia,2015-04-16,Deaths,4486,
Ebolavirus,Africa, Liberia,2015-04-17,Confirmed,10042,
Ebolavirus,Africa, Liberia,2015-04-17,Deaths,4486,
Ebolavirus,Africa, Liberia,2015-04-18,Confirmed,10042,
Ebolavirus,Africa, Liberia,2015-04-18,Deaths,4486,
Ebolavirus,Africa, Liberia,2015-04-19,Confirmed,10212,
Ebolavirus,Africa, Liberia,2015-04-19,Confirmed,10042,
Ebolavirus,Africa, Liberia,2015-04-19,Deaths,4573,
Ebolavirus,Africa, Liberia,2015-04-19,Deaths,4486,
Ebolavirus,Africa, Liberia,2015-04-21,Confirmed,10212,
Ebolavirus,Africa, Liberia,2015-04-21,Deaths,4573,
Ebolavirus,Africa, Liberia,2015-04-22,Confirmed,10212,
Ebolavirus,Africa, Liberia,2015-04-22,Deaths,4573,
Ebolavirus,Africa, Liberia,2015-04-24,Confirmed,10212,
Ebolavirus,Africa, Liberia,2015-04-24,Deaths,4573,
Ebolavirus,Africa, Liberia,2015-04-26,Confirmed,10322,
Ebolavirus,Africa, Liberia,2015-04-26,Deaths,4608,
Ebolavirus,Africa, Liberia,2015-04-28,Confirmed,10322,
Ebolavirus,Africa, Liberia,2015-04-28,Deaths,4608,
Ebolavirus,Africa, Liberia,2015-04-29,Confirmed,10322,
Ebolavirus,Africa, Liberia,2015-04-29,Deaths,4608,
Ebolavirus,Africa, Liberia,2015-05-02,Confirmed,10322,
Ebolavirus,Africa, Liberia,2015-05-02,Deaths,4608,
Ebolavirus,Africa, Liberia,2015-05-03,Confirmed,10564,
Ebolavirus,Africa, Liberia,2015-05-03,Confirmed,10507,
Ebolavirus,Africa, Liberia,2015-05-03,Deaths,4716,
Ebolavirus,Africa, Liberia,2015-05-03,Deaths,4691,
Ebolavirus,Africa, Liberia,2015-05-05,Confirmed,10564,
Ebolavirus,Africa, Liberia,2015-05-05,Deaths,4716,
Ebolavirus,Africa, Liberia,2015-05-06,Confirmed,10564,
Ebolavirus,Africa, Liberia,2015-05-06,Deaths,4716,
Ebolavirus,Africa, Liberia,2015-05-09,Confirmed,10604,
Ebolavirus,Africa, Liberia,2015-05-09,Deaths,4769,
Ebolavirus,Africa, Liberia,2015-05-10,Confirmed,10604,
Ebolavirus,Africa, Liberia,2015-05-10,Deaths,4769,
Ebolavirus,Africa, Liberia,2015-05-12,Confirmed,10604,
Ebolavirus,Africa, Liberia,2015-05-12,Deaths,4769,
Ebolavirus,Africa, Liberia,2015-05-13,Confirmed,10604,
Ebolavirus,Africa, Liberia,2015-05-13,Deaths,4769,
Ebolavirus,Africa, Liberia,2015-05-16,Confirmed,10666,
Ebolavirus,Africa, Liberia,2015-05-16,Deaths,4806,
Ebolavirus,Africa, Liberia,2015-05-19,Confirmed,10666,
Ebolavirus,Africa, Liberia,2015-05-19,Deaths,4806,
Ebolavirus,Africa, Liberia,2015-05-20,Confirmed,10666,
Ebolavirus,Africa, Liberia,2015-05-20,Deaths,4806,
Ebolavirus,Africa, Liberia,2015-05-24,Confirmed,10666,
Ebolavirus,Africa, Liberia,2015-05-24,Deaths,4806,
Ebolavirus,Africa, Liberia,2015-05-26,Confirmed,10666,
Ebolavirus,Africa, Liberia,2015-05-26,Deaths,4806,
Ebolavirus,Africa, Liberia,2015-05-27,Confirmed,10666,
Ebolavirus,Africa, Liberia,2015-05-27,Deaths,4806,
Ebolavirus,Africa, Liberia,2015-05-30,Confirmed,10666,
Ebolavirus,Africa, Liberia,2015-05-30,Deaths,4806,
Ebolavirus,Africa, Liberia,2015-05-31,Confirmed,10666,
Ebolavirus,Africa, Liberia,2015-05-31,Deaths,4806,
Ebolavirus,Africa, Liberia,2015-06-04,Confirmed,10666,
Ebolavirus,Africa, Liberia,2015-06-04,Deaths,4806,
Ebolavirus,Africa, Liberia,2015-06-05,Confirmed,10666,
Ebolavirus,Africa, Liberia,2015-06-05,Deaths,4806,
Ebolavirus,Africa, Liberia,2015-06-06,Confirmed,10666,
Ebolavirus,Africa, Liberia,2015-06-06,Deaths,4806,
Ebolavirus,Africa, Liberia,2015-06-07,Confirmed,10666,
Ebolavirus,Africa, Liberia,2015-06-07,Deaths,4806,
Ebolavirus,Africa, Liberia,2015-06-09,Confirmed,10666,
Ebolavirus,Africa, Liberia,2015-06-09,Deaths,4806,
Ebolavirus,Africa, Liberia,2015-06-10,Confirmed,10666,
Ebolavirus,Africa, Liberia,2015-06-10,Deaths,4806,
Ebolavirus,Africa, Liberia,2015-06-13,Confirmed,10666,
Ebolavirus,Africa, Liberia,2015-06-13,Deaths,4806,
Ebolavirus,Africa, Liberia,2015-06-14,Confirmed,10666,
Ebolavirus,Africa, Liberia,2015-06-14,Deaths,4806,
Ebolavirus,Africa, Liberia,2015-06-16,Confirmed,10666,
Ebolavirus,Africa, Liberia,2015-06-16,Deaths,4806,
Ebolavirus,Africa, Liberia,2015-06-17,Confirmed,10666,
Ebolavirus,Africa, Liberia,2015-06-17,Deaths,4806,
Ebolavirus,Africa, Liberia,2015-06-21,Confirmed,10666,
Ebolavirus,Africa, Liberia,2015-06-21,Deaths,4806,
Ebolavirus,Africa, Liberia,2015-06-23,Confirmed,10666,
Ebolavirus,Africa, Liberia,2015-06-23,Deaths,4806,
Ebolavirus,Africa, Liberia,2015-06-24,Confirmed,10666,
Ebolavirus,Africa, Liberia,2015-06-24,Deaths,4806,
Ebolavirus,Africa, Liberia,2015-06-29,Confirmed,10666,
Ebolavirus,Africa, Liberia,2015-06-29,Deaths,4806,
Ebolavirus,Africa, Liberia,2015-06-30,Confirmed,10666,
Ebolavirus,Africa, Liberia,2015-06-30,Confirmed,10666,
Ebolavirus,Africa, Liberia,2015-06-30,Deaths,4806,
Ebolavirus,Africa, Liberia,2015-06-30,Deaths,4806,
Ebolavirus,Africa, Liberia,2015-07-03,Confirmed,10706,
Ebolavirus,Africa, Liberia,2015-07-03,Deaths,4811,
Ebolavirus,Africa, Liberia,2015-07-04,Confirmed,10670,
Ebolavirus,Africa, Liberia,2015-07-04,Deaths,4807,
Ebolavirus,Africa, Liberia,2015-07-05,Confirmed,10670,
Ebolavirus,Africa, Liberia,2015-07-05,Deaths,4807,
Ebolavirus,Africa, Liberia,2015-07-08,Confirmed,10670,
Ebolavirus,Africa, Liberia,2015-07-08,Deaths,4807,
Ebolavirus,Africa, Liberia,2015-07-09,Confirmed,10672,
Ebolavirus,Africa, Liberia,2015-07-09,Deaths,4807,
Ebolavirus,Africa, Liberia,2015-07-10,Confirmed,10672,
Ebolavirus,Africa, Liberia,2015-07-10,Deaths,4807,
Ebolavirus,Africa, Liberia,2015-07-13,Confirmed,10672,
Ebolavirus,Africa, Liberia,2015-07-13,Deaths,4807,
Ebolavirus,Africa, Liberia,2015-07-14,Confirmed,10673,
Ebolavirus,Africa, Liberia,2015-07-14,Deaths,4808,
Ebolavirus,Africa, Liberia,2015-07-15,Confirmed,10673,
Ebolavirus,Africa, Liberia,2015-07-15,Deaths,4808,
Ebolavirus,Africa, Liberia,2015-07-16,Confirmed,10672,
Ebolavirus,Africa, Liberia,2015-07-16,Deaths,4808,
Ebolavirus,Africa, Liberia,2015-07-17,Confirmed,10673,
Ebolavirus,Africa, Liberia,2015-07-17,Deaths,4808,
Ebolavirus,Africa, Liberia,2015-07-20,Confirmed,10673,
Ebolavirus,Africa, Liberia,2015-07-20,Deaths,4808,
Ebolavirus,Africa, Liberia,2015-07-21,Confirmed,10673,
Ebolavirus,Africa, Liberia,2015-07-21,Deaths,4808,
Ebolavirus,Africa, Liberia,2015-07-22,Confirmed,10672,
Ebolavirus,Africa, Liberia,2015-07-22,Deaths,4808,
Ebolavirus,Africa, Liberia,2015-07-23,Confirmed,10673,
Ebolavirus,Africa, Liberia,2015-07-23,Deaths,4808,
Ebolavirus,Africa, Liberia,2015-07-24,Confirmed,10673,
Ebolavirus,Africa, Liberia,2015-07-24,Deaths,4808,
Ebolavirus,Africa, Liberia,2015-07-27,Confirmed,10673,
Ebolavirus,Africa, Liberia,2015-07-27,Deaths,4808,
Ebolavirus,Africa, Liberia,2015-07-28,Confirmed,10673,
Ebolavirus,Africa, Liberia,2015-07-28,Deaths,4808,
Ebolavirus,Africa, Liberia,2015-07-29,Confirmed,10672,
Ebolavirus,Africa, Liberia,2015-07-29,Deaths,4808,
Ebolavirus,Africa, Liberia,2015-07-30,Confirmed,10672,
Ebolavirus,Africa, Liberia,2015-07-30,Deaths,4808,
Ebolavirus,Africa, Liberia,2015-07-31,Confirmed,10672,
Ebolavirus,Africa, Liberia,2015-07-31,Deaths,4808,
Ebolavirus,Africa, Liberia,2015-08-03,Confirmed,10672,
Ebolavirus,Africa, Liberia,2015-08-03,Deaths,4808,
Ebolavirus,Africa, Liberia,2015-08-04,Confirmed,10672,
Ebolavirus,Africa, Liberia,2015-08-04,Deaths,4808,
Ebolavirus,Africa, Liberia,2015-08-05,Confirmed,10672,
Ebolavirus,Africa, Liberia,2015-08-05,Deaths,4808,
Ebolavirus,Africa, Liberia,2015-08-06,Confirmed,10672,
Ebolavirus,Africa, Liberia,2015-08-06,Deaths,4808,
Ebolavirus,Africa, Liberia,2015-08-07,Confirmed,10672,
Ebolavirus,Africa, Liberia,2015-08-07,Deaths,4808,
Ebolavirus,Africa, Liberia,2015-08-10,Confirmed,10672,
Ebolavirus,Africa, Liberia,2015-08-10,Deaths,4808,
Ebolavirus,Africa, Liberia,2015-08-11,Confirmed,10672,
Ebolavirus,Africa, Liberia,2015-08-11,Deaths,4808,
Ebolavirus,Africa, Liberia,2015-08-13,Confirmed,10672,
Ebolavirus,Africa, Liberia,2015-08-13,Deaths,4808,
Ebolavirus,Africa, Liberia,2015-08-14,Confirmed,10672,
Ebolavirus,Africa, Liberia,2015-08-14,Deaths,4808,
Ebolavirus,Africa, Liberia,2015-08-17,Confirmed,10672,
Ebolavirus,Africa, Liberia,2015-08-17,Deaths,4808,
Ebolavirus,Africa, Liberia,2015-08-18,Confirmed,10672,
Ebolavirus,Africa, Liberia,2015-08-18,Deaths,4808,
Ebolavirus,Africa, Liberia,2015-08-20,Confirmed,10672,
Ebolavirus,Africa, Liberia,2015-08-20,Deaths,4808,
Ebolavirus,Africa, Liberia,2015-08-21,Confirmed,10672,
Ebolavirus,Africa, Liberia,2015-08-21,Deaths,4808,
Ebolavirus,Africa, Liberia,2015-08-24,Confirmed,10672,
Ebolavirus,Africa, Liberia,2015-08-24,Deaths,4808,
Ebolavirus,Africa, Liberia,2015-08-25,Confirmed,10672,
Ebolavirus,Africa, Liberia,2015-08-25,Deaths,4808,
Ebolavirus,Africa, Liberia,2015-08-27,Confirmed,10672,
Ebolavirus,Africa, Liberia,2015-08-27,Deaths,4808,
Ebolavirus,Africa, Liberia,2015-08-28,Confirmed,10672,
Ebolavirus,Africa, Liberia,2015-08-28,Deaths,4808,
Ebolavirus,Africa, Liberia,2015-08-31,Confirmed,10672,
Ebolavirus,Africa, Liberia,2015-08-31,Deaths,4808,
Ebolavirus,Africa, Liberia,2015-09-01,Confirmed,10672,
Ebolavirus,Africa, Liberia,2015-09-01,Deaths,4808,
Ebolavirus,Africa, Liberia,2015-09-03,Confirmed,10672,
Ebolavirus,Africa, Liberia,2015-09-03,Deaths,4808,
Ebolavirus,Africa, Liberia,2015-09-04,Confirmed,10672,
Ebolavirus,Africa, Liberia,2015-09-04,Deaths,4808,
Ebolavirus,Africa, Liberia,2015-09-08,Confirmed,10672,
Ebolavirus,Africa, Liberia,2015-09-08,Deaths,4808,
Ebolavirus,Africa, Liberia,2015-09-10,Confirmed,10672,
Ebolavirus,Africa, Liberia,2015-09-10,Deaths,4808,
Ebolavirus,Africa, Liberia,2015-09-11,Confirmed,10672,
Ebolavirus,Africa, Liberia,2015-09-11,Deaths,4808,
Ebolavirus,Africa, Liberia,2015-09-14,Confirmed,10672,
Ebolavirus,Africa, Liberia,2015-09-14,Deaths,4808,
Ebolavirus,Africa, Liberia,2015-09-15,Confirmed,10672,
Ebolavirus,Africa, Liberia,2015-09-15,Deaths,4808,
Ebolavirus,Africa, Liberia,2015-09-17,Confirmed,10672,
Ebolavirus,Africa, Liberia,2015-09-17,Deaths,4808,
Ebolavirus,Africa, Liberia,2015-09-18,Confirmed,10672,
Ebolavirus,Africa, Liberia,2015-09-18,Deaths,4808,
Ebolavirus,Africa, Liberia,2015-09-21,Confirmed,10672,
Ebolavirus,Africa, Liberia,2015-09-21,Deaths,4808,
Ebolavirus,Africa, Liberia,2015-09-22,Confirmed,10672,
Ebolavirus,Africa, Liberia,2015-09-22,Deaths,4808,
Ebolavirus,Africa, Liberia,2015-09-24,Confirmed,10672,
Ebolavirus,Africa, Liberia,2015-09-24,Deaths,4808,
Ebolavirus,Africa, Liberia,2015-09-28,Confirmed,10672,
Ebolavirus,Africa, Liberia,2015-09-28,Deaths,4808,
Ebolavirus,Africa, Liberia,2015-09-29,Confirmed,10672,
Ebolavirus,Africa, Liberia,2015-09-29,Deaths,4808,
Ebolavirus,Africa, Liberia,2015-10-01,Confirmed,10672,
Ebolavirus,Africa, Liberia,2015-10-01,Deaths,4808,
Ebolavirus,Africa, Liberia,2015-10-02,Confirmed,10672,
Ebolavirus,Africa, Liberia,2015-10-02,Deaths,4808,
Ebolavirus,Africa, Liberia,2015-10-05,Confirmed,10672,
Ebolavirus,Africa, Liberia,2015-10-05,Deaths,4808,
Ebolavirus,Africa, Liberia,2015-10-07,Confirmed,10672,
Ebolavirus,Africa, Liberia,2015-10-07,Deaths,4808,
Ebolavirus,Africa, Liberia,2015-10-08,Confirmed,10672,
Ebolavirus,Africa, Liberia,2015-10-08,Deaths,4808,
Ebolavirus,Africa, Liberia,2015-10-09,Confirmed,10672,
Ebolavirus,Africa, Liberia,2015-10-09,Deaths,4808,
Ebolavirus,Africa, Liberia,2015-10-12,Confirmed,10672,
Ebolavirus,Africa, Liberia,2015-10-12,Deaths,4808,
Ebolavirus,Africa, Liberia,2015-10-13,Confirmed,10672,
Ebolavirus,Africa, Liberia,2015-10-13,Deaths,4808,
Ebolavirus,Africa, Liberia,2015-10-15,Confirmed,10672,
Ebolavirus,Africa, Liberia,2015-10-15,Deaths,4808,
Ebolavirus,Africa, Liberia,2015-10-16,Confirmed,10672,
Ebolavirus,Africa, Liberia,2015-10-16,Deaths,4808,
Ebolavirus,Africa, Liberia,2015-10-19,Confirmed,10672,
Ebolavirus,Africa, Liberia,2015-10-19,Deaths,4808,
Ebolavirus,Africa, Liberia,2015-10-20,Confirmed,10672,
Ebolavirus,Africa, Liberia,2015-10-20,Deaths,4808,
Ebolavirus,Africa, Liberia,2015-10-22,Confirmed,10672,
Ebolavirus,Africa, Liberia,2015-10-22,Deaths,4808,
Ebolavirus,Africa, Liberia,2015-10-23,Confirmed,10672,
Ebolavirus,Africa, Liberia,2015-10-23,Deaths,4808,
Ebolavirus,Africa, Liberia,2015-10-26,Confirmed,10672,
Ebolavirus,Africa, Liberia,2015-10-26,Deaths,4808,
Ebolavirus,Africa, Liberia,2015-10-27,Confirmed,10672,
Ebolavirus,Africa, Liberia,2015-10-27,Deaths,4808,
Ebolavirus,Africa, Liberia,2015-10-29,Confirmed,10672,
Ebolavirus,Africa, Liberia,2015-10-29,Deaths,4808,
Ebolavirus,Africa, Liberia,2015-10-30,Confirmed,10672,
Ebolavirus,Africa, Liberia,2015-10-30,Deaths,4808,
Ebolavirus,Africa, Liberia,2015-11-02,Confirmed,10672,
Ebolavirus,Africa, Liberia,2015-11-02,Deaths,4808,
Ebolavirus,Africa, Liberia,2015-11-03,Confirmed,10672,
Ebolavirus,Africa, Liberia,2015-11-03,Deaths,4808,
Ebolavirus,Africa, Liberia,2015-11-05,Confirmed,10672,
Ebolavirus,Africa, Liberia,2015-11-05,Deaths,4808,
Ebolavirus,Africa, Liberia,2015-11-06,Confirmed,10672,
Ebolavirus,Africa, Liberia,2015-11-06,Deaths,4808,
Ebolavirus,Africa, Liberia,2015-11-09,Confirmed,10672,
Ebolavirus,Africa, Liberia,2015-11-09,Deaths,4808,
Ebolavirus,Africa, Liberia,2015-11-10,Confirmed,10672,
Ebolavirus,Africa, Liberia,2015-11-10,Deaths,4808,
Ebolavirus,Africa, Liberia,2015-11-12,Confirmed,10672,
Ebolavirus,Africa, Liberia,2015-11-12,Deaths,4808,
Ebolavirus,Africa, Liberia,2015-11-16,Confirmed,10672,
Ebolavirus,Africa, Liberia,2015-11-16,Deaths,4808,
Ebolavirus,Africa, Liberia,2015-11-17,Confirmed,10672,
Ebolavirus,Africa, Liberia,2015-11-17,Deaths,4808,
Ebolavirus,Africa, Liberia,2015-11-18,Confirmed,10672,
Ebolavirus,Africa, Liberia,2015-11-18,Deaths,4808,
Ebolavirus,Africa, Liberia,2015-11-19,Confirmed,10672,
Ebolavirus,Africa, Liberia,2015-11-19,Deaths,4808,
Ebolavirus,Africa, Liberia,2015-11-20,Confirmed,10672,
Ebolavirus,Africa, Liberia,2015-11-20,Deaths,4808,
Ebolavirus,Africa, Liberia,2015-11-23,Confirmed,10672,
Ebolavirus,Africa, Liberia,2015-11-23,Deaths,4808,
Ebolavirus,Africa, Liberia,2015-11-24,Confirmed,10672,
Ebolavirus,Africa, Liberia,2015-11-24,Deaths,4808,
Ebolavirus,Africa, Liberia,2015-11-25,Confirmed,10675,
Ebolavirus,Africa, Liberia,2015-11-25,Deaths,4808,
Ebolavirus,Africa, Liberia,2015-11-26,Confirmed,10675,
Ebolavirus,Africa, Liberia,2015-11-26,Deaths,4808,
Ebolavirus,Africa, Liberia,2015-11-27,Confirmed,10675,
Ebolavirus,Africa, Liberia,2015-11-27,Deaths,4808,
Ebolavirus,Africa, Liberia,2015-11-30,Confirmed,10675,
Ebolavirus,Africa, Liberia,2015-11-30,Deaths,4808,
Ebolavirus,Africa, Liberia,2015-12-01,Confirmed,10675,
Ebolavirus,Africa, Liberia,2015-12-01,Deaths,4808,
Ebolavirus,Africa, Liberia,2015-12-02,Confirmed,10675,
Ebolavirus,Africa, Liberia,2015-12-02,Deaths,4809,
Ebolavirus,Africa, Liberia,2015-12-03,Confirmed,10675,
Ebolavirus,Africa, Liberia,2015-12-03,Deaths,4809,
Ebolavirus,Africa, Liberia,2015-12-04,Confirmed,10675,
Ebolavirus,Africa, Liberia,2015-12-04,Deaths,4809,
Ebolavirus,Africa, Liberia,2015-12-07,Confirmed,10675,
Ebolavirus,Africa, Liberia,2015-12-07,Deaths,4809,
Ebolavirus,Africa, Liberia,2015-12-08,Confirmed,10675,
Ebolavirus,Africa, Liberia,2015-12-08,Deaths,4809,
Ebolavirus,Africa, Liberia,2015-12-09,Confirmed,10675,
Ebolavirus,Africa, Liberia,2015-12-09,Deaths,4809,
Ebolavirus,Africa, Liberia,2015-12-10,Confirmed,10675,
Ebolavirus,Africa, Liberia,2015-12-10,Deaths,4809,
Ebolavirus,Africa, Liberia,2015-12-11,Confirmed,10675,
Ebolavirus,Africa, Liberia,2015-12-11,Deaths,4809,
Ebolavirus,Africa, Liberia,2015-12-14,Confirmed,10675,
Ebolavirus,Africa, Liberia,2015-12-14,Deaths,4809,
Ebolavirus,Africa, Liberia,2015-12-15,Confirmed,10675,
Ebolavirus,Africa, Liberia,2015-12-15,Deaths,4809,
Ebolavirus,Africa, Liberia,2015-12-16,Confirmed,10675,
Ebolavirus,Africa, Liberia,2015-12-16,Deaths,4809,
Ebolavirus,Africa, Liberia,2015-12-17,Confirmed,10675,
Ebolavirus,Africa, Liberia,2015-12-17,Deaths,4809,
Ebolavirus,Africa, Liberia,2015-12-18,Confirmed,10675,
Ebolavirus,Africa, Liberia,2015-12-18,Deaths,4809,
Ebolavirus,Africa, Liberia,2015-12-21,Confirmed,10675,
Ebolavirus,Africa, Liberia,2015-12-21,Deaths,4809,
Ebolavirus,Africa, Liberia,2015-12-22,Confirmed,10675,
Ebolavirus,Africa, Liberia,2015-12-22,Deaths,4809,
Ebolavirus,Africa, Liberia,2015-12-23,Confirmed,10675,
Ebolavirus,Africa, Liberia,2015-12-23,Deaths,4809,
Ebolavirus,Africa, Liberia,2015-12-24,Confirmed,10675,
Ebolavirus,Africa, Liberia,2015-12-24,Deaths,4809,
Ebolavirus,Africa, Liberia,2015-12-25,Confirmed,10675,
Ebolavirus,Africa, Liberia,2015-12-25,Deaths,4809,
Ebolavirus,Africa, Liberia,2015-12-28,Confirmed,10675,
Ebolavirus,Africa, Liberia,2015-12-28,Deaths,4809,
Ebolavirus,Africa, Liberia,2015-12-29,Confirmed,10675,
Ebolavirus,Africa, Liberia,2015-12-29,Deaths,4809,
Ebolavirus,Africa, Liberia,2015-12-30,Confirmed,10675,
Ebolavirus,Africa, Liberia,2015-12-30,Deaths,4809,
Ebolavirus,Africa, Liberia,2016-01-06,Confirmed,10675,
Ebolavirus,Africa, Liberia,2016-01-06,Deaths,4809,
Ebolavirus,Africa, Liberia,2016-01-13,Confirmed,10675,
Ebolavirus,Africa, Liberia,2016-01-13,Deaths,4809,
Ebolavirus,Africa, Liberia,2016-01-20,Confirmed,10675,
Ebolavirus,Africa, Liberia,2016-01-20,Deaths,4809,
Ebolavirus,Africa, Liberia,2016-01-27,Confirmed,10675,
Ebolavirus,Africa, Liberia,2016-01-27,Deaths,4809,
Ebolavirus,Africa, Liberia,2016-02-03,Confirmed,10675,
Ebolavirus,Africa, Liberia,2016-02-03,Deaths,4809,
Ebolavirus,Africa, Liberia,2016-02-10,Confirmed,10675,
Ebolavirus,Africa, Liberia,2016-02-10,Deaths,4809,
Ebolavirus,Africa, Liberia,2016-02-17,Confirmed,10675,
Ebolavirus,Africa, Liberia,2016-02-17,Deaths,4809,
Ebolavirus,Africa, Liberia,2016-03-03,Confirmed,10675,
Ebolavirus,Africa, Liberia,2016-03-03,Deaths,4809,
Ebolavirus,Africa, Liberia,2016-03-23,Confirmed,10675,
Ebolavirus,Africa, Liberia,2016-03-23,Deaths,4809,
Ebolavirus,Africa, Liberia,2016-03-30,Confirmed,10675,
Ebolavirus,Africa, Liberia,2016-03-30,Deaths,4809,
Ebolavirus,Africa, Liberia,2016-04-13,Confirmed,10678,
Ebolavirus,Africa, Liberia,2016-04-13,Deaths,4810,
Ebolavirus,Africa, Sierra Leone,2014-03-25,Confirmed,0,
Ebolavirus,Africa, Sierra Leone,2014-03-25,Deaths,0,
Ebolavirus,Africa, Sierra Leone,2014-03-26,Confirmed,0,
Ebolavirus,Africa, Sierra Leone,2014-03-26,Deaths,0,
Ebolavirus,Africa, Sierra Leone,2014-03-27,Confirmed,6,
Ebolavirus,Africa, Sierra Leone,2014-03-27,Deaths,5,
Ebolavirus,Africa, Sierra Leone,2014-03-31,Confirmed,0,
Ebolavirus,Africa, Sierra Leone,2014-03-31,Deaths,0,
Ebolavirus,Africa, Sierra Leone,2014-04-01,Confirmed,0,
Ebolavirus,Africa, Sierra Leone,2014-04-01,Deaths,0,
Ebolavirus,Africa, Sierra Leone,2014-04-02,Confirmed,0,
Ebolavirus,Africa, Sierra Leone,2014-04-02,Deaths,0,
Ebolavirus,Africa, Sierra Leone,2014-04-07,Confirmed,0,
Ebolavirus,Africa, Sierra Leone,2014-04-07,Deaths,0,
Ebolavirus,Africa, Sierra Leone,2014-04-10,Confirmed,0,
Ebolavirus,Africa, Sierra Leone,2014-04-10,Deaths,0,
Ebolavirus,Africa, Sierra Leone,2014-04-17,Confirmed,0,
Ebolavirus,Africa, Sierra Leone,2014-04-17,Deaths,0,
Ebolavirus,Africa, Sierra Leone,2014-04-21,Confirmed,0,
Ebolavirus,Africa, Sierra Leone,2014-04-21,Deaths,0,
Ebolavirus,Africa, Sierra Leone,2014-04-23,Confirmed,0,
Ebolavirus,Africa, Sierra Leone,2014-04-23,Deaths,0,
Ebolavirus,Africa, Sierra Leone,2014-04-30,Confirmed,0,
Ebolavirus,Africa, Sierra Leone,2014-04-30,Deaths,0,
Ebolavirus,Africa, Sierra Leone,2014-05-05,Confirmed,0,
Ebolavirus,Africa, Sierra Leone,2014-05-05,Deaths,0,
Ebolavirus,Africa, Sierra Leone,2014-05-14,Confirmed,0,
Ebolavirus,Africa, Sierra Leone,2014-05-14,Deaths,0,
Ebolavirus,Africa, Sierra Leone,2014-05-23,Confirmed,0,
Ebolavirus,Africa, Sierra Leone,2014-05-23,Deaths,0,
Ebolavirus,Africa, Sierra Leone,2014-05-27,Confirmed,1,
Ebolavirus,Africa, Sierra Leone,2014-05-27,Deaths,4,
Ebolavirus,Africa, Sierra Leone,2014-05-28,Confirmed,16,
Ebolavirus,Africa, Sierra Leone,2014-05-28,Deaths,5,
Ebolavirus,Africa, Sierra Leone,2014-06-02,Confirmed,50,
Ebolavirus,Africa, Sierra Leone,2014-06-02,Deaths,6,
Ebolavirus,Africa, Sierra Leone,2014-06-05,Confirmed,81,
Ebolavirus,Africa, Sierra Leone,2014-06-05,Deaths,7,
Ebolavirus,Africa, Sierra Leone,2014-06-10,Confirmed,89,
Ebolavirus,Africa, Sierra Leone,2014-06-10,Deaths,7,
Ebolavirus,Africa, Sierra Leone,2014-06-11,Confirmed,117,
Ebolavirus,Africa, Sierra Leone,2014-06-11,Deaths,19,
Ebolavirus,Africa, Sierra Leone,2014-06-18,Confirmed,97,
Ebolavirus,Africa, Sierra Leone,2014-06-18,Deaths,49,
Ebolavirus,Africa, Sierra Leone,2014-06-24,Confirmed,158,
Ebolavirus,Africa, Sierra Leone,2014-06-24,Deaths,34,
Ebolavirus,Africa, Sierra Leone,2014-07-02,Confirmed,239,
Ebolavirus,Africa, Sierra Leone,2014-07-02,Deaths,99,
Ebolavirus,Africa, Sierra Leone,2014-07-07,Confirmed,252,
Ebolavirus,Africa, Sierra Leone,2014-07-07,Deaths,101,
Ebolavirus,Africa, Sierra Leone,2014-07-08,Confirmed,305,
Ebolavirus,Africa, Sierra Leone,2014-07-08,Deaths,127,
Ebolavirus,Africa, Sierra Leone,2014-07-14,Confirmed,337,
Ebolavirus,Africa, Sierra Leone,2014-07-14,Deaths,142,
Ebolavirus,Africa, Sierra Leone,2014-07-16,Confirmed,386,
Ebolavirus,Africa, Sierra Leone,2014-07-16,Deaths,192,
Ebolavirus,Africa, Sierra Leone,2014-07-21,Confirmed,442,
Ebolavirus,Africa, Sierra Leone,2014-07-21,Deaths,206,
Ebolavirus,Africa, Sierra Leone,2014-07-24,Confirmed,454,
Ebolavirus,Africa, Sierra Leone,2014-07-24,Deaths,219,
Ebolavirus,Africa, Sierra Leone,2014-07-28,Confirmed,525,
Ebolavirus,Africa, Sierra Leone,2014-07-28,Deaths,224,
Ebolavirus,Africa, Sierra Leone,2014-07-31,Confirmed,533,
Ebolavirus,Africa, Sierra Leone,2014-07-31,Deaths,233,
Ebolavirus,Africa, Sierra Leone,2014-08-03,Confirmed,574,
Ebolavirus,Africa, Sierra Leone,2014-08-03,Deaths,252,
Ebolavirus,Africa, Sierra Leone,2014-08-04,Confirmed,646,
Ebolavirus,Africa, Sierra Leone,2014-08-04,Deaths,273,
Ebolavirus,Africa, Sierra Leone,2014-08-08,Confirmed,717,
Ebolavirus,Africa, Sierra Leone,2014-08-08,Deaths,298,
Ebolavirus,Africa, Sierra Leone,2014-08-12,Confirmed,730,
Ebolavirus,Africa, Sierra Leone,2014-08-12,Deaths,315,
Ebolavirus,Africa, Sierra Leone,2014-08-13,Confirmed,783,
Ebolavirus,Africa, Sierra Leone,2014-08-13,Deaths,334,
Ebolavirus,Africa, Sierra Leone,2014-08-15,Confirmed,810,
Ebolavirus,Africa, Sierra Leone,2014-08-15,Deaths,348,
Ebolavirus,Africa, Sierra Leone,2014-08-19,Confirmed,848,
Ebolavirus,Africa, Sierra Leone,2014-08-19,Deaths,365,
Ebolavirus,Africa, Sierra Leone,2014-08-21,Confirmed,907,
Ebolavirus,Africa, Sierra Leone,2014-08-21,Deaths,374,
Ebolavirus,Africa, Sierra Leone,2014-08-22,Confirmed,910,
Ebolavirus,Africa, Sierra Leone,2014-08-22,Deaths,392,
Ebolavirus,Africa, Sierra Leone,2014-08-28,Confirmed,1026,
Ebolavirus,Africa, Sierra Leone,2014-08-28,Deaths,422,
Ebolavirus,Africa, Sierra Leone,2014-09-06,Confirmed,1261,
Ebolavirus,Africa, Sierra Leone,2014-09-06,Deaths,491,
Ebolavirus,Africa, Sierra Leone,2014-09-08,Confirmed,1361,
Ebolavirus,Africa, Sierra Leone,2014-09-08,Deaths,509,
Ebolavirus,Africa, Sierra Leone,2014-09-12,Confirmed,1424,
Ebolavirus,Africa, Sierra Leone,2014-09-12,Deaths,524,
Ebolavirus,Africa, Sierra Leone,2014-09-16,Confirmed,1620,
Ebolavirus,Africa, Sierra Leone,2014-09-16,Deaths,562,
Ebolavirus,Africa, Sierra Leone,2014-09-18,Confirmed,1673,
Ebolavirus,Africa, Sierra Leone,2014-09-18,Deaths,562,
Ebolavirus,Africa, Sierra Leone,2014-09-22,Confirmed,1813,
Ebolavirus,Africa, Sierra Leone,2014-09-22,Deaths,593,
Ebolavirus,Africa, Sierra Leone,2014-09-24,Confirmed,1940,
Ebolavirus,Africa, Sierra Leone,2014-09-24,Deaths,597,
Ebolavirus,Africa, Sierra Leone,2014-09-26,Confirmed,2021,
Ebolavirus,Africa, Sierra Leone,2014-09-26,Deaths,605,
Ebolavirus,Africa, Sierra Leone,2014-10-01,Confirmed,2304,
Ebolavirus,Africa, Sierra Leone,2014-10-01,Deaths,622,
Ebolavirus,Africa, Sierra Leone,2014-10-03,Confirmed,2437,
Ebolavirus,Africa, Sierra Leone,2014-10-03,Deaths,623,
Ebolavirus,Africa, Sierra Leone,2014-10-08,Confirmed,2789,
Ebolavirus,Africa, Sierra Leone,2014-10-08,Deaths,879,
Ebolavirus,Africa, Sierra Leone,2014-10-10,Confirmed,2950,
Ebolavirus,Africa, Sierra Leone,2014-10-10,Deaths,930,
Ebolavirus,Africa, Sierra Leone,2014-10-15,Confirmed,3252,
Ebolavirus,Africa, Sierra Leone,2014-10-15,Deaths,1183,
Ebolavirus,Africa, Sierra Leone,2014-10-17,Confirmed,3410,
Ebolavirus,Africa, Sierra Leone,2014-10-17,Deaths,1200,
Ebolavirus,Africa, Sierra Leone,2014-10-22,Confirmed,3706,
Ebolavirus,Africa, Sierra Leone,2014-10-22,Deaths,1359,
Ebolavirus,Africa, Sierra Leone,2014-10-25,Confirmed,3896,
Ebolavirus,Africa, Sierra Leone,2014-10-25,Deaths,1281,
Ebolavirus,Africa, Sierra Leone,2014-10-29,Confirmed,5235,
Ebolavirus,Africa, Sierra Leone,2014-10-29,Deaths,1500,
Ebolavirus,Africa, Sierra Leone,2014-10-31,Confirmed,5338,
Ebolavirus,Africa, Sierra Leone,2014-10-31,Deaths,1510,
Ebolavirus,Africa, Sierra Leone,2014-11-05,Confirmed,4759,
Ebolavirus,Africa, Sierra Leone,2014-11-05,Deaths,1070,
Ebolavirus,Africa, Sierra Leone,2014-11-07,Confirmed,4862,
Ebolavirus,Africa, Sierra Leone,2014-11-07,Deaths,1130,
Ebolavirus,Africa, Sierra Leone,2014-11-12,Confirmed,5368,
Ebolavirus,Africa, Sierra Leone,2014-11-12,Deaths,1169,
Ebolavirus,Africa, Sierra Leone,2014-11-14,Confirmed,5586,
Ebolavirus,Africa, Sierra Leone,2014-11-14,Deaths,1187,
Ebolavirus,Africa, Sierra Leone,2014-11-19,Confirmed,6073,
Ebolavirus,Africa, Sierra Leone,2014-11-19,Deaths,1250,
Ebolavirus,Africa, Sierra Leone,2014-11-21,Confirmed,6190,
Ebolavirus,Africa, Sierra Leone,2014-11-21,Deaths,1267,
Ebolavirus,Africa, Sierra Leone,2014-11-26,Confirmed,6599,
Ebolavirus,Africa, Sierra Leone,2014-11-26,Deaths,1398,
Ebolavirus,Africa, Sierra Leone,2014-11-28,Confirmed,7109,
Ebolavirus,Africa, Sierra Leone,2014-11-28,Deaths,1530,
Ebolavirus,Africa, Sierra Leone,2014-12-03,Confirmed,7312,
Ebolavirus,Africa, Sierra Leone,2014-12-03,Deaths,1583,
Ebolavirus,Africa, Sierra Leone,2014-12-10,Confirmed,7897,
Ebolavirus,Africa, Sierra Leone,2014-12-10,Deaths,1768,
Ebolavirus,Africa, Sierra Leone,2014-12-17,Confirmed,8356,
Ebolavirus,Africa, Sierra Leone,2014-12-17,Deaths,2085,
Ebolavirus,Africa, Sierra Leone,2014-12-24,Confirmed,9004,
Ebolavirus,Africa, Sierra Leone,2014-12-24,Deaths,2582,
Ebolavirus,Africa, Sierra Leone,2014-12-31,Confirmed,9446,
Ebolavirus,Africa, Sierra Leone,2014-12-31,Deaths,2758,
Ebolavirus,Africa, Sierra Leone,2015-01-07,Confirmed,9780,
Ebolavirus,Africa, Sierra Leone,2015-01-07,Deaths,2943,
Ebolavirus,Africa, Sierra Leone,2015-01-14,Confirmed,10124,
Ebolavirus,Africa, Sierra Leone,2015-01-14,Deaths,3062,
Ebolavirus,Africa, Sierra Leone,2015-01-21,Confirmed,10340,
Ebolavirus,Africa, Sierra Leone,2015-01-21,Deaths,3145,
Ebolavirus,Africa, Sierra Leone,2015-01-28,Confirmed,10518,
Ebolavirus,Africa, Sierra Leone,2015-01-28,Deaths,3199,
Ebolavirus,Africa, Sierra Leone,2015-02-04,Confirmed,10740,
Ebolavirus,Africa, Sierra Leone,2015-02-04,Deaths,3276,
Ebolavirus,Africa, Sierra Leone,2015-02-11,Confirmed,10934,
Ebolavirus,Africa, Sierra Leone,2015-02-11,Deaths,3341,
Ebolavirus,Africa, Sierra Leone,2015-02-18,Confirmed,11103,
Ebolavirus,Africa, Sierra Leone,2015-02-18,Deaths,3408,
Ebolavirus,Africa, Sierra Leone,2015-02-25,Confirmed,11301,
Ebolavirus,Africa, Sierra Leone,2015-02-25,Deaths,3461,
Ebolavirus,Africa, Sierra Leone,2015-03-04,Confirmed,11466,
Ebolavirus,Africa, Sierra Leone,2015-03-04,Deaths,3546,
Ebolavirus,Africa, Sierra Leone,2015-03-11,Confirmed,11619,
Ebolavirus,Africa, Sierra Leone,2015-03-11,Deaths,3629,
Ebolavirus,Africa, Sierra Leone,2015-03-18,Confirmed,11751,
Ebolavirus,Africa, Sierra Leone,2015-03-18,Deaths,3691,
Ebolavirus,Africa, Sierra Leone,2015-03-25,Confirmed,11841,
Ebolavirus,Africa, Sierra Leone,2015-03-25,Deaths,3747,
Ebolavirus,Africa, Sierra Leone,2015-03-26,Confirmed,11866,
Ebolavirus,Africa, Sierra Leone,2015-03-26,Deaths,3764,
Ebolavirus,Africa, Sierra Leone,2015-03-27,Confirmed,11889,
Ebolavirus,Africa, Sierra Leone,2015-03-27,Deaths,3773,
Ebolavirus,Africa, Sierra Leone,2015-03-30,Confirmed,11943,
Ebolavirus,Africa, Sierra Leone,2015-03-30,Deaths,3792,
Ebolavirus,Africa, Sierra Leone,2015-03-31,Confirmed,11974,
Ebolavirus,Africa, Sierra Leone,2015-03-31,Deaths,3799,
Ebolavirus,Africa, Sierra Leone,2015-04-01,Confirmed,11974,
Ebolavirus,Africa, Sierra Leone,2015-04-01,Deaths,3799,
Ebolavirus,Africa, Sierra Leone,2015-04-02,Confirmed,12022,
Ebolavirus,Africa, Sierra Leone,2015-04-02,Deaths,3810,
Ebolavirus,Africa, Sierra Leone,2015-04-07,Confirmed,12139,
Ebolavirus,Africa, Sierra Leone,2015-04-07,Deaths,3832,
Ebolavirus,Africa, Sierra Leone,2015-04-08,Confirmed,12138,
Ebolavirus,Africa, Sierra Leone,2015-04-08,Deaths,3831,
Ebolavirus,Africa, Sierra Leone,2015-04-09,Confirmed,12155,
Ebolavirus,Africa, Sierra Leone,2015-04-09,Deaths,3841,
Ebolavirus,Africa, Sierra Leone,2015-04-10,Confirmed,12170,
Ebolavirus,Africa, Sierra Leone,2015-04-10,Deaths,3842,
Ebolavirus,Africa, Sierra Leone,2015-04-13,Confirmed,12188,
Ebolavirus,Africa, Sierra Leone,2015-04-13,Deaths,3854,
Ebolavirus,Africa, Sierra Leone,2015-04-14,Confirmed,12201,
Ebolavirus,Africa, Sierra Leone,2015-04-14,Deaths,3857,
Ebolavirus,Africa, Sierra Leone,2015-04-15,Confirmed,12201,
Ebolavirus,Africa, Sierra Leone,2015-04-15,Deaths,3857,
Ebolavirus,Africa, Sierra Leone,2015-04-16,Confirmed,12223,
Ebolavirus,Africa, Sierra Leone,2015-04-16,Deaths,3865,
Ebolavirus,Africa, Sierra Leone,2015-04-17,Confirmed,12244,
Ebolavirus,Africa, Sierra Leone,2015-04-17,Deaths,3865,
Ebolavirus,Africa, Sierra Leone,2015-04-18,Confirmed,12256,
Ebolavirus,Africa, Sierra Leone,2015-04-18,Deaths,3872,
Ebolavirus,Africa, Sierra Leone,2015-04-19,Confirmed,12267,
Ebolavirus,Africa, Sierra Leone,2015-04-19,Confirmed,12256,
Ebolavirus,Africa, Sierra Leone,2015-04-19,Deaths,3877,
Ebolavirus,Africa, Sierra Leone,2015-04-19,Deaths,3877,
Ebolavirus,Africa, Sierra Leone,2015-04-21,Confirmed,12294,
Ebolavirus,Africa, Sierra Leone,2015-04-21,Deaths,3885,
Ebolavirus,Africa, Sierra Leone,2015-04-22,Confirmed,12313,
Ebolavirus,Africa, Sierra Leone,2015-04-22,Deaths,3886,
Ebolavirus,Africa, Sierra Leone,2015-04-24,Confirmed,12362,
Ebolavirus,Africa, Sierra Leone,2015-04-24,Deaths,3895,
Ebolavirus,Africa, Sierra Leone,2015-04-26,Confirmed,12371,
Ebolavirus,Africa, Sierra Leone,2015-04-26,Deaths,3899,
Ebolavirus,Africa, Sierra Leone,2015-04-28,Confirmed,12387,
Ebolavirus,Africa, Sierra Leone,2015-04-28,Deaths,3901,
Ebolavirus,Africa, Sierra Leone,2015-04-29,Confirmed,12398,
Ebolavirus,Africa, Sierra Leone,2015-04-29,Deaths,3901,
Ebolavirus,Africa, Sierra Leone,2015-05-02,Confirmed,12426,
Ebolavirus,Africa, Sierra Leone,2015-05-02,Deaths,3902,
Ebolavirus,Africa, Sierra Leone,2015-05-03,Confirmed,12440,
Ebolavirus,Africa, Sierra Leone,2015-05-03,Confirmed,12440,
Ebolavirus,Africa, Sierra Leone,2015-05-03,Deaths,3903,
Ebolavirus,Africa, Sierra Leone,2015-05-03,Deaths,3903,
Ebolavirus,Africa, Sierra Leone,2015-05-05,Confirmed,12470,
Ebolavirus,Africa, Sierra Leone,2015-05-05,Deaths,3904,
Ebolavirus,Africa, Sierra Leone,2015-05-06,Confirmed,12492,
Ebolavirus,Africa, Sierra Leone,2015-05-06,Deaths,3904,
Ebolavirus,Africa, Sierra Leone,2015-05-09,Confirmed,12519,
Ebolavirus,Africa, Sierra Leone,2015-05-09,Deaths,3904,
Ebolavirus,Africa, Sierra Leone,2015-05-10,Confirmed,12523,
Ebolavirus,Africa, Sierra Leone,2015-05-10,Deaths,3904,
Ebolavirus,Africa, Sierra Leone,2015-05-12,Confirmed,12536,
Ebolavirus,Africa, Sierra Leone,2015-05-12,Deaths,3904,
Ebolavirus,Africa, Sierra Leone,2015-05-13,Confirmed,12540,
Ebolavirus,Africa, Sierra Leone,2015-05-13,Deaths,3904,
Ebolavirus,Africa, Sierra Leone,2015-05-16,Confirmed,12593,
Ebolavirus,Africa, Sierra Leone,2015-05-16,Deaths,3906,
Ebolavirus,Africa, Sierra Leone,2015-05-19,Confirmed,12656,
Ebolavirus,Africa, Sierra Leone,2015-05-19,Deaths,3907,
Ebolavirus,Africa, Sierra Leone,2015-05-20,Confirmed,12666,
Ebolavirus,Africa, Sierra Leone,2015-05-20,Deaths,3907,
Ebolavirus,Africa, Sierra Leone,2015-05-24,Confirmed,12706,
Ebolavirus,Africa, Sierra Leone,2015-05-24,Deaths,3908,
Ebolavirus,Africa, Sierra Leone,2015-05-26,Confirmed,12735,
Ebolavirus,Africa, Sierra Leone,2015-05-26,Deaths,3911,
Ebolavirus,Africa, Sierra Leone,2015-05-27,Confirmed,12745,
Ebolavirus,Africa, Sierra Leone,2015-05-27,Deaths,3911,
Ebolavirus,Africa, Sierra Leone,2015-05-30,Confirmed,12816,
Ebolavirus,Africa, Sierra Leone,2015-05-30,Deaths,3911,
Ebolavirus,Africa, Sierra Leone,2015-05-31,Confirmed,12827,
Ebolavirus,Africa, Sierra Leone,2015-05-31,Deaths,3912,
Ebolavirus,Africa, Sierra Leone,2015-06-04,Confirmed,12850,
Ebolavirus,Africa, Sierra Leone,2015-06-04,Deaths,3912,
Ebolavirus,Africa, Sierra Leone,2015-06-05,Confirmed,12859,
Ebolavirus,Africa, Sierra Leone,2015-06-05,Deaths,3912,
Ebolavirus,Africa, Sierra Leone,2015-06-06,Confirmed,12884,
Ebolavirus,Africa, Sierra Leone,2015-06-06,Deaths,3913,
Ebolavirus,Africa, Sierra Leone,2015-06-07,Confirmed,12901,
Ebolavirus,Africa, Sierra Leone,2015-06-07,Deaths,3915,
Ebolavirus,Africa, Sierra Leone,2015-06-09,Confirmed,12911,
Ebolavirus,Africa, Sierra Leone,2015-06-09,Deaths,3917,
Ebolavirus,Africa, Sierra Leone,2015-06-10,Confirmed,12932,
Ebolavirus,Africa, Sierra Leone,2015-06-10,Deaths,3917,
Ebolavirus,Africa, Sierra Leone,2015-06-13,Confirmed,12962,
Ebolavirus,Africa, Sierra Leone,2015-06-13,Deaths,3919,
Ebolavirus,Africa, Sierra Leone,2015-06-14,Confirmed,12965,
Ebolavirus,Africa, Sierra Leone,2015-06-14,Deaths,3919,
Ebolavirus,Africa, Sierra Leone,2015-06-16,Confirmed,12990,
Ebolavirus,Africa, Sierra Leone,2015-06-16,Deaths,3922,
Ebolavirus,Africa, Sierra Leone,2015-06-17,Confirmed,13012,
Ebolavirus,Africa, Sierra Leone,2015-06-17,Deaths,3926,
Ebolavirus,Africa, Sierra Leone,2015-06-21,Confirmed,13059,
Ebolavirus,Africa, Sierra Leone,2015-06-21,Deaths,3928,
Ebolavirus,Africa, Sierra Leone,2015-06-23,Confirmed,13083,
Ebolavirus,Africa, Sierra Leone,2015-06-23,Deaths,3931,
Ebolavirus,Africa, Sierra Leone,2015-06-24,Confirmed,13093,
Ebolavirus,Africa, Sierra Leone,2015-06-24,Deaths,3931,
Ebolavirus,Africa, Sierra Leone,2015-06-29,Confirmed,13115,
Ebolavirus,Africa, Sierra Leone,2015-06-29,Deaths,3932,
Ebolavirus,Africa, Sierra Leone,2015-06-30,Confirmed,13129,
Ebolavirus,Africa, Sierra Leone,2015-06-30,Confirmed,13119,
Ebolavirus,Africa, Sierra Leone,2015-06-30,Deaths,3933,
Ebolavirus,Africa, Sierra Leone,2015-06-30,Deaths,3932,
Ebolavirus,Africa, Sierra Leone,2015-07-03,Confirmed,13135,
Ebolavirus,Africa, Sierra Leone,2015-07-03,Deaths,3935,
Ebolavirus,Africa, Sierra Leone,2015-07-04,Confirmed,13150,
Ebolavirus,Africa, Sierra Leone,2015-07-04,Deaths,3940,
Ebolavirus,Africa, Sierra Leone,2015-07-05,Confirmed,13155,
Ebolavirus,Africa, Sierra Leone,2015-07-05,Deaths,3940,
Ebolavirus,Africa, Sierra Leone,2015-07-08,Confirmed,13155,
Ebolavirus,Africa, Sierra Leone,2015-07-08,Deaths,3940,
Ebolavirus,Africa, Sierra Leone,2015-07-09,Confirmed,13169,
Ebolavirus,Africa, Sierra Leone,2015-07-09,Deaths,3941,
Ebolavirus,Africa, Sierra Leone,2015-07-10,Confirmed,13177,
Ebolavirus,Africa, Sierra Leone,2015-07-10,Deaths,3941,
Ebolavirus,Africa, Sierra Leone,2015-07-13,Confirmed,13201,
Ebolavirus,Africa, Sierra Leone,2015-07-13,Deaths,3946,
Ebolavirus,Africa, Sierra Leone,2015-07-14,Confirmed,13209,
Ebolavirus,Africa, Sierra Leone,2015-07-14,Deaths,3947,
Ebolavirus,Africa, Sierra Leone,2015-07-15,Confirmed,13209,
Ebolavirus,Africa, Sierra Leone,2015-07-15,Deaths,3947,
Ebolavirus,Africa, Sierra Leone,2015-07-16,Confirmed,13209,
Ebolavirus,Africa, Sierra Leone,2015-07-16,Deaths,3947,
Ebolavirus,Africa, Sierra Leone,2015-07-17,Confirmed,13209,
Ebolavirus,Africa, Sierra Leone,2015-07-17,Deaths,3947,
Ebolavirus,Africa, Sierra Leone,2015-07-20,Confirmed,13241,
Ebolavirus,Africa, Sierra Leone,2015-07-20,Deaths,3949,
Ebolavirus,Africa, Sierra Leone,2015-07-21,Confirmed,13250,
Ebolavirus,Africa, Sierra Leone,2015-07-21,Deaths,3949,
Ebolavirus,Africa, Sierra Leone,2015-07-22,Confirmed,13250,
Ebolavirus,Africa, Sierra Leone,2015-07-22,Deaths,3949,
Ebolavirus,Africa, Sierra Leone,2015-07-23,Confirmed,13262,
Ebolavirus,Africa, Sierra Leone,2015-07-23,Deaths,3949,
Ebolavirus,Africa, Sierra Leone,2015-07-24,Confirmed,13264,
Ebolavirus,Africa, Sierra Leone,2015-07-24,Deaths,3949,
Ebolavirus,Africa, Sierra Leone,2015-07-27,Confirmed,13284,
Ebolavirus,Africa, Sierra Leone,2015-07-27,Deaths,3951,
Ebolavirus,Africa, Sierra Leone,2015-07-28,Confirmed,13291,
Ebolavirus,Africa, Sierra Leone,2015-07-28,Deaths,3951,
Ebolavirus,Africa, Sierra Leone,2015-07-29,Confirmed,13290,
Ebolavirus,Africa, Sierra Leone,2015-07-29,Deaths,3951,
Ebolavirus,Africa, Sierra Leone,2015-07-30,Confirmed,13379,
Ebolavirus,Africa, Sierra Leone,2015-07-30,Deaths,3951,
Ebolavirus,Africa, Sierra Leone,2015-07-31,Confirmed,13387,
Ebolavirus,Africa, Sierra Leone,2015-07-31,Deaths,3951,
Ebolavirus,Africa, Sierra Leone,2015-08-03,Confirmed,13402,
Ebolavirus,Africa, Sierra Leone,2015-08-03,Deaths,3951,
Ebolavirus,Africa, Sierra Leone,2015-08-04,Confirmed,13406,
Ebolavirus,Africa, Sierra Leone,2015-08-04,Deaths,3951,
Ebolavirus,Africa, Sierra Leone,2015-08-05,Confirmed,13406,
Ebolavirus,Africa, Sierra Leone,2015-08-05,Deaths,3951,
Ebolavirus,Africa, Sierra Leone,2015-08-06,Confirmed,13426,
Ebolavirus,Africa, Sierra Leone,2015-08-06,Deaths,3951,
Ebolavirus,Africa, Sierra Leone,2015-08-07,Confirmed,13428,
Ebolavirus,Africa, Sierra Leone,2015-08-07,Deaths,3951,
Ebolavirus,Africa, Sierra Leone,2015-08-10,Confirmed,13465,
Ebolavirus,Africa, Sierra Leone,2015-08-10,Deaths,3951,
Ebolavirus,Africa, Sierra Leone,2015-08-11,Confirmed,13470,
Ebolavirus,Africa, Sierra Leone,2015-08-11,Deaths,3951,
Ebolavirus,Africa, Sierra Leone,2015-08-13,Confirmed,13484,
Ebolavirus,Africa, Sierra Leone,2015-08-13,Deaths,3951,
Ebolavirus,Africa, Sierra Leone,2015-08-14,Confirmed,13485,
Ebolavirus,Africa, Sierra Leone,2015-08-14,Deaths,3952,
Ebolavirus,Africa, Sierra Leone,2015-08-17,Confirmed,13489,
Ebolavirus,Africa, Sierra Leone,2015-08-17,Deaths,3952,
Ebolavirus,Africa, Sierra Leone,2015-08-18,Confirmed,13494,
Ebolavirus,Africa, Sierra Leone,2015-08-18,Deaths,3952,
Ebolavirus,Africa, Sierra Leone,2015-08-20,Confirmed,13518,
Ebolavirus,Africa, Sierra Leone,2015-08-20,Deaths,3952,
Ebolavirus,Africa, Sierra Leone,2015-08-21,Confirmed,13533,
Ebolavirus,Africa, Sierra Leone,2015-08-21,Deaths,3952,
Ebolavirus,Africa, Sierra Leone,2015-08-24,Confirmed,13538,
Ebolavirus,Africa, Sierra Leone,2015-08-24,Deaths,3952,
Ebolavirus,Africa, Sierra Leone,2015-08-25,Confirmed,13541,
Ebolavirus,Africa, Sierra Leone,2015-08-25,Deaths,3952,
Ebolavirus,Africa, Sierra Leone,2015-08-27,Confirmed,13582,
Ebolavirus,Africa, Sierra Leone,2015-08-27,Deaths,3952,
Ebolavirus,Africa, Sierra Leone,2015-08-28,Confirmed,13586,
Ebolavirus,Africa, Sierra Leone,2015-08-28,Deaths,3952,
Ebolavirus,Africa, Sierra Leone,2015-08-31,Confirmed,13603,
Ebolavirus,Africa, Sierra Leone,2015-08-31,Deaths,3953,
Ebolavirus,Africa, Sierra Leone,2015-09-01,Confirmed,13609,
Ebolavirus,Africa, Sierra Leone,2015-09-01,Deaths,3953,
Ebolavirus,Africa, Sierra Leone,2015-09-03,Confirmed,13638,
Ebolavirus,Africa, Sierra Leone,2015-09-03,Deaths,3953,
Ebolavirus,Africa, Sierra Leone,2015-09-04,Confirmed,13639,
Ebolavirus,Africa, Sierra Leone,2015-09-04,Deaths,3953,
Ebolavirus,Africa, Sierra Leone,2015-09-08,Confirmed,13683,
Ebolavirus,Africa, Sierra Leone,2015-09-08,Deaths,3953,
Ebolavirus,Africa, Sierra Leone,2015-09-10,Confirmed,13697,
Ebolavirus,Africa, Sierra Leone,2015-09-10,Deaths,3953,
Ebolavirus,Africa, Sierra Leone,2015-09-11,Confirmed,13701,
Ebolavirus,Africa, Sierra Leone,2015-09-11,Deaths,3953,
Ebolavirus,Africa, Sierra Leone,2015-09-14,Confirmed,13747,
Ebolavirus,Africa, Sierra Leone,2015-09-14,Deaths,3953,
Ebolavirus,Africa, Sierra Leone,2015-09-15,Confirmed,13756,
Ebolavirus,Africa, Sierra Leone,2015-09-15,Deaths,3953,
Ebolavirus,Africa, Sierra Leone,2015-09-17,Confirmed,13573,
Ebolavirus,Africa, Sierra Leone,2015-09-17,Deaths,3955,
Ebolavirus,Africa, Sierra Leone,2015-09-18,Confirmed,13785,
Ebolavirus,Africa, Sierra Leone,2015-09-18,Deaths,3955,
Ebolavirus,Africa, Sierra Leone,2015-09-21,Confirmed,13811,
Ebolavirus,Africa, Sierra Leone,2015-09-21,Deaths,3955,
Ebolavirus,Africa, Sierra Leone,2015-09-22,Confirmed,13823,
Ebolavirus,Africa, Sierra Leone,2015-09-22,Deaths,3955,
Ebolavirus,Africa, Sierra Leone,2015-09-24,Confirmed,13846,
Ebolavirus,Africa, Sierra Leone,2015-09-24,Deaths,3955,
Ebolavirus,Africa, Sierra Leone,2015-09-28,Confirmed,13894,
Ebolavirus,Africa, Sierra Leone,2015-09-28,Deaths,3955,
Ebolavirus,Africa, Sierra Leone,2015-09-29,Confirmed,13911,
Ebolavirus,Africa, Sierra Leone,2015-09-29,Deaths,3955,
Ebolavirus,Africa, Sierra Leone,2015-10-01,Confirmed,13928,
Ebolavirus,Africa, Sierra Leone,2015-10-01,Deaths,3955,
Ebolavirus,Africa, Sierra Leone,2015-10-02,Confirmed,13931,
Ebolavirus,Africa, Sierra Leone,2015-10-02,Deaths,3955,
Ebolavirus,Africa, Sierra Leone,2015-10-05,Confirmed,13941,
Ebolavirus,Africa, Sierra Leone,2015-10-05,Deaths,3955,
Ebolavirus,Africa, Sierra Leone,2015-10-07,Confirmed,13945,
Ebolavirus,Africa, Sierra Leone,2015-10-07,Deaths,3955,
Ebolavirus,Africa, Sierra Leone,2015-10-08,Confirmed,13956,
Ebolavirus,Africa, Sierra Leone,2015-10-08,Deaths,3955,
Ebolavirus,Africa, Sierra Leone,2015-10-09,Confirmed,13957,
Ebolavirus,Africa, Sierra Leone,2015-10-09,Deaths,3955,
Ebolavirus,Africa, Sierra Leone,2015-10-12,Confirmed,13978,
Ebolavirus,Africa, Sierra Leone,2015-10-12,Deaths,3955,
Ebolavirus,Africa, Sierra Leone,2015-10-13,Confirmed,13982,
Ebolavirus,Africa, Sierra Leone,2015-10-13,Deaths,3955,
Ebolavirus,Africa, Sierra Leone,2015-10-15,Confirmed,13992,
Ebolavirus,Africa, Sierra Leone,2015-10-15,Deaths,3955,
Ebolavirus,Africa, Sierra Leone,2015-10-16,Confirmed,13992,
Ebolavirus,Africa, Sierra Leone,2015-10-16,Deaths,3955,
Ebolavirus,Africa, Sierra Leone,2015-10-19,Confirmed,13999,
Ebolavirus,Africa, Sierra Leone,2015-10-19,Deaths,3955,
Ebolavirus,Africa, Sierra Leone,2015-10-20,Confirmed,14001,
Ebolavirus,Africa, Sierra Leone,2015-10-20,Deaths,3955,
Ebolavirus,Africa, Sierra Leone,2015-10-22,Confirmed,14031,
Ebolavirus,Africa, Sierra Leone,2015-10-22,Deaths,3955,
Ebolavirus,Africa, Sierra Leone,2015-10-23,Confirmed,14038,
Ebolavirus,Africa, Sierra Leone,2015-10-23,Deaths,3955,
Ebolavirus,Africa, Sierra Leone,2015-10-26,Confirmed,14052,
Ebolavirus,Africa, Sierra Leone,2015-10-26,Deaths,3955,
Ebolavirus,Africa, Sierra Leone,2015-10-27,Confirmed,14061,
Ebolavirus,Africa, Sierra Leone,2015-10-27,Deaths,3955,
Ebolavirus,Africa, Sierra Leone,2015-10-29,Confirmed,14066,
Ebolavirus,Africa, Sierra Leone,2015-10-29,Deaths,3955,
Ebolavirus,Africa, Sierra Leone,2015-10-30,Confirmed,14067,
Ebolavirus,Africa, Sierra Leone,2015-10-30,Deaths,3955,
Ebolavirus,Africa, Sierra Leone,2015-11-02,Confirmed,14078,
Ebolavirus,Africa, Sierra Leone,2015-11-02,Deaths,3955,
Ebolavirus,Africa, Sierra Leone,2015-11-03,Confirmed,14089,
Ebolavirus,Africa, Sierra Leone,2015-11-03,Deaths,3955,
Ebolavirus,Africa, Sierra Leone,2015-11-05,Confirmed,14104,
Ebolavirus,Africa, Sierra Leone,2015-11-05,Deaths,3955,
Ebolavirus,Africa, Sierra Leone,2015-11-06,Confirmed,14109,
Ebolavirus,Africa, Sierra Leone,2015-11-06,Deaths,3955,
Ebolavirus,Africa, Sierra Leone,2015-11-09,Confirmed,14122,
Ebolavirus,Africa, Sierra Leone,2015-11-09,Deaths,3955,
Ebolavirus,Africa, Sierra Leone,2015-11-10,Confirmed,14122,
Ebolavirus,Africa, Sierra Leone,2015-11-10,Deaths,3955,
Ebolavirus,Africa, Sierra Leone,2015-11-12,Confirmed,14122,
Ebolavirus,Africa, Sierra Leone,2015-11-12,Deaths,3955,
Ebolavirus,Africa, Sierra Leone,2015-11-16,Confirmed,14122,
Ebolavirus,Africa, Sierra Leone,2015-11-16,Deaths,3955,
Ebolavirus,Africa, Sierra Leone,2015-11-17,Confirmed,14122,
Ebolavirus,Africa, Sierra Leone,2015-11-17,Deaths,3955,
Ebolavirus,Africa, Sierra Leone,2015-11-18,Confirmed,14122,
Ebolavirus,Africa, Sierra Leone,2015-11-18,Deaths,3955,
Ebolavirus,Africa, Sierra Leone,2015-11-19,Confirmed,14122,
Ebolavirus,Africa, Sierra Leone,2015-11-19,Deaths,3955,
Ebolavirus,Africa, Sierra Leone,2015-11-20,Confirmed,14122,
Ebolavirus,Africa, Sierra Leone,2015-11-20,Deaths,3955,
Ebolavirus,Africa, Sierra Leone,2015-11-23,Confirmed,14122,
Ebolavirus,Africa, Sierra Leone,2015-11-23,Deaths,3955,
Ebolavirus,Africa, Sierra Leone,2015-11-24,Confirmed,14122,
Ebolavirus,Africa, Sierra Leone,2015-11-24,Deaths,3955,
Ebolavirus,Africa, Sierra Leone,2015-11-25,Confirmed,14122,
Ebolavirus,Africa, Sierra Leone,2015-11-25,Deaths,3955,
Ebolavirus,Africa, Sierra Leone,2015-11-26,Confirmed,14122,
Ebolavirus,Africa, Sierra Leone,2015-11-26,Deaths,3955,
Ebolavirus,Africa, Sierra Leone,2015-11-27,Confirmed,14122,
Ebolavirus,Africa, Sierra Leone,2015-11-27,Deaths,3955,
Ebolavirus,Africa, Sierra Leone,2015-11-30,Confirmed,14122,
Ebolavirus,Africa, Sierra Leone,2015-11-30,Deaths,3955,
Ebolavirus,Africa, Sierra Leone,2015-12-01,Confirmed,14122,
Ebolavirus,Africa, Sierra Leone,2015-12-01,Deaths,3955,
Ebolavirus,Africa, Sierra Leone,2015-12-02,Confirmed,14122,
Ebolavirus,Africa, Sierra Leone,2015-12-02,Deaths,3955,
Ebolavirus,Africa, Sierra Leone,2015-12-03,Confirmed,14122,
Ebolavirus,Africa, Sierra Leone,2015-12-03,Deaths,3955,
Ebolavirus,Africa, Sierra Leone,2015-12-04,Confirmed,14122,
Ebolavirus,Africa, Sierra Leone,2015-12-04,Deaths,3955,
Ebolavirus,Africa, Sierra Leone,2015-12-07,Confirmed,14122,
Ebolavirus,Africa, Sierra Leone,2015-12-07,Deaths,3955,
Ebolavirus,Africa, Sierra Leone,2015-12-08,Confirmed,14122,
Ebolavirus,Africa, Sierra Leone,2015-12-08,Deaths,3955,
Ebolavirus,Africa, Sierra Leone,2015-12-09,Confirmed,14122,
Ebolavirus,Africa, Sierra Leone,2015-12-09,Deaths,3955,
Ebolavirus,Africa, Sierra Leone,2015-12-10,Confirmed,14122,
Ebolavirus,Africa, Sierra Leone,2015-12-10,Deaths,3955,
Ebolavirus,Africa, Sierra Leone,2015-12-11,Confirmed,14122,
Ebolavirus,Africa, Sierra Leone,2015-12-11,Deaths,3955,
Ebolavirus,Africa, Sierra Leone,2015-12-14,Confirmed,14122,
Ebolavirus,Africa, Sierra Leone,2015-12-14,Deaths,3955,
Ebolavirus,Africa, Sierra Leone,2015-12-15,Confirmed,14122,
Ebolavirus,Africa, Sierra Leone,2015-12-15,Deaths,3955,
Ebolavirus,Africa, Sierra Leone,2015-12-16,Confirmed,14122,
Ebolavirus,Africa, Sierra Leone,2015-12-16,Deaths,3955,
Ebolavirus,Africa, Sierra Leone,2015-12-17,Confirmed,14122,
Ebolavirus,Africa, Sierra Leone,2015-12-17,Deaths,3955,
Ebolavirus,Africa, Sierra Leone,2015-12-18,Confirmed,14122,
Ebolavirus,Africa, Sierra Leone,2015-12-18,Deaths,3955,
Ebolavirus,Africa, Sierra Leone,2015-12-21,Confirmed,14122,
Ebolavirus,Africa, Sierra Leone,2015-12-21,Deaths,3955,
Ebolavirus,Africa, Sierra Leone,2015-12-22,Confirmed,14122,
Ebolavirus,Africa, Sierra Leone,2015-12-22,Deaths,3955,
Ebolavirus,Africa, Sierra Leone,2015-12-23,Confirmed,14122,
Ebolavirus,Africa, Sierra Leone,2015-12-23,Deaths,3955,
Ebolavirus,Africa, Sierra Leone,2015-12-24,Confirmed,14122,
Ebolavirus,Africa, Sierra Leone,2015-12-24,Deaths,3955,
Ebolavirus,Africa, Sierra Leone,2015-12-25,Confirmed,14122,
Ebolavirus,Africa, Sierra Leone,2015-12-25,Deaths,3955,
Ebolavirus,Africa, Sierra Leone,2015-12-28,Confirmed,14122,
Ebolavirus,Africa, Sierra Leone,2015-12-28,Deaths,3955,
Ebolavirus,Africa, Sierra Leone,2015-12-29,Confirmed,14122,
Ebolavirus,Africa, Sierra Leone,2015-12-29,Deaths,3955,
Ebolavirus,Africa, Sierra Leone,2015-12-30,Confirmed,14122,
Ebolavirus,Africa, Sierra Leone,2015-12-30,Deaths,3955,
Ebolavirus,Africa, Sierra Leone,2016-01-06,Confirmed,14122,
Ebolavirus,Africa, Sierra Leone,2016-01-06,Deaths,3955,
Ebolavirus,Africa, Sierra Leone,2016-01-13,Confirmed,14122,
Ebolavirus,Africa, Sierra Leone,2016-01-13,Deaths,3955,
Ebolavirus,Africa, Sierra Leone,2016-01-20,Confirmed,14123,
Ebolavirus,Africa, Sierra Leone,2016-01-20,Deaths,3956,
Ebolavirus,Africa, Sierra Leone,2016-01-27,Confirmed,14124,
Ebolavirus,Africa, Sierra Leone,2016-01-27,Deaths,3956,
Ebolavirus,Africa, Sierra Leone,2016-02-03,Confirmed,14124,
Ebolavirus,Africa, Sierra Leone,2016-02-03,Deaths,3956,
Ebolavirus,Africa, Sierra Leone,2016-02-10,Confirmed,14124,
Ebolavirus,Africa, Sierra Leone,2016-02-10,Deaths,3956,
Ebolavirus,Africa, Sierra Leone,2016-02-17,Confirmed,14124,
Ebolavirus,Africa, Sierra Leone,2016-02-17,Deaths,3956,
Ebolavirus,Africa, Sierra Leone,2016-03-03,Confirmed,14124,
Ebolavirus,Africa, Sierra Leone,2016-03-03,Deaths,3956,
Ebolavirus,Africa, Sierra Leone,2016-03-23,Confirmed,14124,
Ebolavirus,Africa, Sierra Leone,2016-03-23,Deaths,3956,
Ebolavirus,Africa, Sierra Leone,2016-03-30,Confirmed,14124,
Ebolavirus,Africa, Sierra Leone,2016-03-30,Deaths,3956,
Ebolavirus,Africa, Sierra Leone,2016-04-13,Confirmed,14124,
Ebolavirus,Africa, Sierra Leone,2016-04-13,Deaths,3956,
