,Virus,Region,Sub-region,Date,Type,Case Number,Comments
0,Influenza Viruses,United States,,1997-10-12,% Weighted ILI,1.10148,
1,Influenza Viruses,United States,,1997-10-19,% Weighted ILI,1.20007,
2,Influenza Viruses,United States,,1997-10-26,% Weighted ILI,1.37876,
3,Influenza Viruses,United States,,1997-11-02,% Weighted ILI,1.1992,
4,Influenza Viruses,United States,,1997-11-09,% Weighted ILI,1.65618,
5,Influenza Viruses,United States,,1997-11-16,% Weighted ILI,1.41326,
6,Influenza Viruses,United States,,1997-11-23,% Weighted ILI,1.9868,
7,Influenza Viruses,United States,,1997-11-30,% Weighted ILI,2.44749,
8,Influenza Viruses,United States,,1997-12-07,% Weighted ILI,1.73901,
9,Influenza Viruses,United States,,1997-12-14,% Weighted ILI,1.93919,
10,Influenza Viruses,United States,,1997-12-21,% Weighted ILI,2.28166,
11,Influenza Viruses,United States,,1997-12-28,% Weighted ILI,2.50761,
12,Influenza Viruses,United States,,1998-01-04,% Weighted ILI,4.11352,
13,Influenza Viruses,United States,,1998-01-11,% Weighted ILI,5.62372,
14,Influenza Viruses,United States,,1998-01-11,% Weighted ILI,4.37398,
15,Influenza Viruses,United States,,1998-01-18,% Weighted ILI,4.19434,
16,Influenza Viruses,United States,,1998-01-25,% Weighted ILI,5.42123,
17,Influenza Viruses,United States,,1998-02-01,% Weighted ILI,5.66137,
18,Influenza Viruses,United States,,1998-02-08,% Weighted ILI,5.97802,
19,Influenza Viruses,United States,,1998-02-15,% Weighted ILI,4.7358,
20,Influenza Viruses,United States,,1998-02-22,% Weighted ILI,3.44581,
21,Influenza Viruses,United States,,1998-03-01,% Weighted ILI,2.47799,
22,Influenza Viruses,United States,,1998-03-08,% Weighted ILI,1.65732,
23,Influenza Viruses,United States,,1998-03-15,% Weighted ILI,1.96952,
24,Influenza Viruses,United States,,1998-03-22,% Weighted ILI,1.58545,
25,Influenza Viruses,United States,,1998-03-29,% Weighted ILI,1.80474,
26,Influenza Viruses,United States,,1998-04-05,% Weighted ILI,1.04624,
27,Influenza Viruses,United States,,1998-04-12,% Weighted ILI,1.4004,
28,Influenza Viruses,United States,,1998-04-19,% Weighted ILI,0.79687,
29,Influenza Viruses,United States,,1998-04-26,% Weighted ILI,0.717097,
30,Influenza Viruses,United States,,1998-05-03,% Weighted ILI,1.00238,
31,Influenza Viruses,United States,,1998-05-10,% Weighted ILI,0.908403,
32,Influenza Viruses,United States,,1998-05-17,% Weighted ILI,0.443014,
33,Influenza Viruses,United States,,1998-05-24,% Weighted ILI,0.638986,
34,Influenza Viruses,United States,,1998-05-31,% Weighted ILI,0.0,
35,Influenza Viruses,United States,,1998-06-07,% Weighted ILI,0.0,
36,Influenza Viruses,United States,,1998-06-14,% Weighted ILI,0.0,
37,Influenza Viruses,United States,,1998-06-21,% Weighted ILI,0.0,
38,Influenza Viruses,United States,,1998-06-28,% Weighted ILI,0.0,
39,Influenza Viruses,United States,,1998-07-05,% Weighted ILI,0.0,
40,Influenza Viruses,United States,,1998-07-12,% Weighted ILI,0.0,
41,Influenza Viruses,United States,,1998-07-19,% Weighted ILI,0.0,
42,Influenza Viruses,United States,,1998-07-26,% Weighted ILI,0.0,
43,Influenza Viruses,United States,,1998-08-02,% Weighted ILI,0.0,
44,Influenza Viruses,United States,,1998-08-09,% Weighted ILI,0.0,
45,Influenza Viruses,United States,,1998-08-16,% Weighted ILI,0.0,
46,Influenza Viruses,United States,,1998-08-23,% Weighted ILI,0.0,
47,Influenza Viruses,United States,,1998-08-30,% Weighted ILI,0.0,
48,Influenza Viruses,United States,,1998-09-06,% Weighted ILI,0.0,
49,Influenza Viruses,United States,,1998-09-13,% Weighted ILI,0.0,
50,Influenza Viruses,United States,,1998-09-20,% Weighted ILI,0.0,
51,Influenza Viruses,United States,,1998-09-27,% Weighted ILI,0.0,
52,Influenza Viruses,United States,,1998-10-04,% Weighted ILI,0.0,
53,Influenza Viruses,United States,,1998-10-11,% Weighted ILI,1.57733,
54,Influenza Viruses,United States,,1998-10-18,% Weighted ILI,1.3088,
55,Influenza Viruses,United States,,1998-10-25,% Weighted ILI,1.41744,
56,Influenza Viruses,United States,,1998-11-01,% Weighted ILI,1.18272,
57,Influenza Viruses,United States,,1998-11-08,% Weighted ILI,2.33432,
58,Influenza Viruses,United States,,1998-11-15,% Weighted ILI,1.81577,
59,Influenza Viruses,United States,,1998-11-22,% Weighted ILI,2.17975,
60,Influenza Viruses,United States,,1998-11-29,% Weighted ILI,2.1124,
61,Influenza Viruses,United States,,1998-12-06,% Weighted ILI,2.04854,
62,Influenza Viruses,United States,,1998-12-13,% Weighted ILI,1.93248,
63,Influenza Viruses,United States,,1998-12-20,% Weighted ILI,1.90468,
64,Influenza Viruses,United States,,1998-12-27,% Weighted ILI,2.55983,
65,Influenza Viruses,United States,,1999-01-03,% Weighted ILI,3.99108,
66,Influenza Viruses,United States,,1999-01-10,% Weighted ILI,3.08581,
67,Influenza Viruses,United States,,1999-01-17,% Weighted ILI,4.16383,
68,Influenza Viruses,United States,,1999-01-24,% Weighted ILI,5.58049,
69,Influenza Viruses,United States,,1999-01-31,% Weighted ILI,5.25328,
70,Influenza Viruses,United States,,1999-02-07,% Weighted ILI,6.74667,
71,Influenza Viruses,United States,,1999-02-14,% Weighted ILI,7.57188,
72,Influenza Viruses,United States,,1999-02-21,% Weighted ILI,6.87287,
73,Influenza Viruses,United States,,1999-02-28,% Weighted ILI,6.35098,
74,Influenza Viruses,United States,,1999-03-07,% Weighted ILI,5.41099,
75,Influenza Viruses,United States,,1999-03-14,% Weighted ILI,4.55008,
76,Influenza Viruses,United States,,1999-03-21,% Weighted ILI,3.85915,
77,Influenza Viruses,United States,,1999-03-28,% Weighted ILI,2.99601,
78,Influenza Viruses,United States,,1999-04-04,% Weighted ILI,1.97814,
79,Influenza Viruses,United States,,1999-04-11,% Weighted ILI,1.16887,
80,Influenza Viruses,United States,,1999-04-18,% Weighted ILI,1.09302,
81,Influenza Viruses,United States,,1999-04-25,% Weighted ILI,0.633169,
82,Influenza Viruses,United States,,1999-05-02,% Weighted ILI,0.639561,
83,Influenza Viruses,United States,,1999-05-09,% Weighted ILI,1.55531,
84,Influenza Viruses,United States,,1999-05-16,% Weighted ILI,0.80802,
85,Influenza Viruses,United States,,1999-05-23,% Weighted ILI,1.33997,
86,Influenza Viruses,United States,,1999-05-30,% Weighted ILI,0.0,
87,Influenza Viruses,United States,,1999-06-06,% Weighted ILI,0.0,
88,Influenza Viruses,United States,,1999-06-13,% Weighted ILI,0.0,
89,Influenza Viruses,United States,,1999-06-20,% Weighted ILI,0.0,
90,Influenza Viruses,United States,,1999-06-27,% Weighted ILI,0.0,
91,Influenza Viruses,United States,,1999-07-04,% Weighted ILI,0.0,
92,Influenza Viruses,United States,,1999-07-11,% Weighted ILI,0.0,
93,Influenza Viruses,United States,,1999-07-18,% Weighted ILI,0.0,
94,Influenza Viruses,United States,,1999-07-25,% Weighted ILI,0.0,
95,Influenza Viruses,United States,,1999-08-01,% Weighted ILI,0.0,
96,Influenza Viruses,United States,,1999-08-08,% Weighted ILI,0.0,
97,Influenza Viruses,United States,,1999-08-15,% Weighted ILI,0.0,
98,Influenza Viruses,United States,,1999-08-22,% Weighted ILI,0.0,
99,Influenza Viruses,United States,,1999-08-29,% Weighted ILI,0.0,
100,Influenza Viruses,United States,,1999-09-05,% Weighted ILI,0.0,
101,Influenza Viruses,United States,,1999-09-12,% Weighted ILI,0.0,
102,Influenza Viruses,United States,,1999-09-19,% Weighted ILI,0.0,
103,Influenza Viruses,United States,,1999-09-26,% Weighted ILI,0.0,
104,Influenza Viruses,United States,,1999-10-03,% Weighted ILI,0.0,
105,Influenza Viruses,United States,,1999-10-10,% Weighted ILI,0.831219,
106,Influenza Viruses,United States,,1999-10-17,% Weighted ILI,1.40445,
107,Influenza Viruses,United States,,1999-10-24,% Weighted ILI,1.31721,
108,Influenza Viruses,United States,,1999-10-31,% Weighted ILI,1.38161,
109,Influenza Viruses,United States,,1999-11-07,% Weighted ILI,1.41607,
110,Influenza Viruses,United States,,1999-11-14,% Weighted ILI,1.48438,
111,Influenza Viruses,United States,,1999-11-21,% Weighted ILI,1.52614,
112,Influenza Viruses,United States,,1999-11-28,% Weighted ILI,1.85336,
113,Influenza Viruses,United States,,1999-12-05,% Weighted ILI,2.32907,
114,Influenza Viruses,United States,,1999-12-12,% Weighted ILI,2.70254,
115,Influenza Viruses,United States,,1999-12-19,% Weighted ILI,3.50454,
116,Influenza Viruses,United States,,1999-12-26,% Weighted ILI,5.40799,
117,Influenza Viruses,United States,,2000-01-02,% Weighted ILI,7.04228,
118,Influenza Viruses,United States,,2000-01-09,% Weighted ILI,6.76846,
119,Influenza Viruses,United States,,2000-01-16,% Weighted ILI,5.52808,
120,Influenza Viruses,United States,,2000-01-23,% Weighted ILI,3.80508,
121,Influenza Viruses,United States,,2000-01-30,% Weighted ILI,3.41177,
122,Influenza Viruses,United States,,2000-02-06,% Weighted ILI,2.4,
123,Influenza Viruses,United States,,2000-02-13,% Weighted ILI,1.8912,
124,Influenza Viruses,United States,,2000-02-20,% Weighted ILI,1.35503,
125,Influenza Viruses,United States,,2000-02-27,% Weighted ILI,1.33212,
126,Influenza Viruses,United States,,2000-03-05,% Weighted ILI,1.49127,
127,Influenza Viruses,United States,,2000-03-12,% Weighted ILI,1.26826,
128,Influenza Viruses,United States,,2000-03-19,% Weighted ILI,1.05854,
129,Influenza Viruses,United States,,2000-03-26,% Weighted ILI,0.92201,
130,Influenza Viruses,United States,,2000-04-02,% Weighted ILI,0.892334,
131,Influenza Viruses,United States,,2000-04-09,% Weighted ILI,0.929201,
132,Influenza Viruses,United States,,2000-04-16,% Weighted ILI,0.655592,
133,Influenza Viruses,United States,,2000-04-23,% Weighted ILI,0.607002,
134,Influenza Viruses,United States,,2000-04-30,% Weighted ILI,0.600003,
135,Influenza Viruses,United States,,2000-05-07,% Weighted ILI,0.547247,
136,Influenza Viruses,United States,,2000-05-14,% Weighted ILI,0.476417,
137,Influenza Viruses,United States,,2000-05-21,% Weighted ILI,0.445917,
138,Influenza Viruses,United States,,2000-05-28,% Weighted ILI,0.0,
139,Influenza Viruses,United States,,2000-06-04,% Weighted ILI,0.0,
140,Influenza Viruses,United States,,2000-06-11,% Weighted ILI,0.0,
141,Influenza Viruses,United States,,2000-06-18,% Weighted ILI,0.0,
142,Influenza Viruses,United States,,2000-06-25,% Weighted ILI,0.0,
143,Influenza Viruses,United States,,2000-07-02,% Weighted ILI,0.0,
144,Influenza Viruses,United States,,2000-07-09,% Weighted ILI,0.0,
145,Influenza Viruses,United States,,2000-07-16,% Weighted ILI,0.0,
146,Influenza Viruses,United States,,2000-07-23,% Weighted ILI,0.0,
147,Influenza Viruses,United States,,2000-07-30,% Weighted ILI,0.0,
148,Influenza Viruses,United States,,2000-08-06,% Weighted ILI,0.0,
149,Influenza Viruses,United States,,2000-08-13,% Weighted ILI,0.0,
150,Influenza Viruses,United States,,2000-08-20,% Weighted ILI,0.0,
151,Influenza Viruses,United States,,2000-08-27,% Weighted ILI,0.0,
152,Influenza Viruses,United States,,2000-09-03,% Weighted ILI,0.0,
153,Influenza Viruses,United States,,2000-09-10,% Weighted ILI,0.0,
154,Influenza Viruses,United States,,2000-09-17,% Weighted ILI,0.0,
155,Influenza Viruses,United States,,2000-09-24,% Weighted ILI,0.0,
156,Influenza Viruses,United States,,2000-10-01,% Weighted ILI,0.0,
157,Influenza Viruses,United States,,2000-10-08,% Weighted ILI,1.04113,
158,Influenza Viruses,United States,,2000-10-15,% Weighted ILI,1.2871,
159,Influenza Viruses,United States,,2000-10-22,% Weighted ILI,1.28299,
160,Influenza Viruses,United States,,2000-10-29,% Weighted ILI,1.34081,
161,Influenza Viruses,United States,,2000-11-05,% Weighted ILI,1.0555,
162,Influenza Viruses,United States,,2000-11-12,% Weighted ILI,1.14136,
163,Influenza Viruses,United States,,2000-11-19,% Weighted ILI,1.44111,
164,Influenza Viruses,United States,,2000-11-26,% Weighted ILI,1.95735,
165,Influenza Viruses,United States,,2000-12-03,% Weighted ILI,1.61928,
166,Influenza Viruses,United States,,2000-12-10,% Weighted ILI,1.7844,
167,Influenza Viruses,United States,,2000-12-17,% Weighted ILI,2.34423,
168,Influenza Viruses,United States,,2000-12-24,% Weighted ILI,2.69528,
169,Influenza Viruses,United States,,2000-12-31,% Weighted ILI,3.8618,
170,Influenza Viruses,United States,,2001-01-07,% Weighted ILI,3.505,
171,Influenza Viruses,United States,,2001-01-14,% Weighted ILI,3.43804,
172,Influenza Viruses,United States,,2001-01-21,% Weighted ILI,4.3928,
173,Influenza Viruses,United States,,2001-01-28,% Weighted ILI,4.21339,
174,Influenza Viruses,United States,,2001-02-04,% Weighted ILI,4.35364,
175,Influenza Viruses,United States,,2001-02-11,% Weighted ILI,3.69969,
176,Influenza Viruses,United States,,2001-02-18,% Weighted ILI,2.81921,
177,Influenza Viruses,United States,,2001-02-25,% Weighted ILI,2.55294,
178,Influenza Viruses,United States,,2001-03-04,% Weighted ILI,1.90167,
179,Influenza Viruses,United States,,2001-03-11,% Weighted ILI,1.68033,
180,Influenza Viruses,United States,,2001-03-18,% Weighted ILI,1.6254,
181,Influenza Viruses,United States,,2001-03-25,% Weighted ILI,1.45957,
182,Influenza Viruses,United States,,2001-04-01,% Weighted ILI,1.32376,
183,Influenza Viruses,United States,,2001-04-08,% Weighted ILI,0.920073,
184,Influenza Viruses,United States,,2001-04-15,% Weighted ILI,0.779257,
185,Influenza Viruses,United States,,2001-04-22,% Weighted ILI,0.991303,
186,Influenza Viruses,United States,,2001-04-29,% Weighted ILI,0.82693,
187,Influenza Viruses,United States,,2001-05-06,% Weighted ILI,0.588952,
188,Influenza Viruses,United States,,2001-05-13,% Weighted ILI,0.605586,
189,Influenza Viruses,United States,,2001-05-20,% Weighted ILI,0.49434,
190,Influenza Viruses,United States,,2001-05-27,% Weighted ILI,0.0,
191,Influenza Viruses,United States,,2001-06-03,% Weighted ILI,0.0,
192,Influenza Viruses,United States,,2001-06-10,% Weighted ILI,0.0,
193,Influenza Viruses,United States,,2001-06-17,% Weighted ILI,0.0,
194,Influenza Viruses,United States,,2001-06-24,% Weighted ILI,0.0,
195,Influenza Viruses,United States,,2001-07-01,% Weighted ILI,0.0,
196,Influenza Viruses,United States,,2001-07-08,% Weighted ILI,0.0,
197,Influenza Viruses,United States,,2001-07-15,% Weighted ILI,0.0,
198,Influenza Viruses,United States,,2001-07-22,% Weighted ILI,0.0,
199,Influenza Viruses,United States,,2001-07-29,% Weighted ILI,0.0,
200,Influenza Viruses,United States,,2001-08-05,% Weighted ILI,0.0,
201,Influenza Viruses,United States,,2001-08-12,% Weighted ILI,0.0,
202,Influenza Viruses,United States,,2001-08-19,% Weighted ILI,0.0,
203,Influenza Viruses,United States,,2001-08-26,% Weighted ILI,0.0,
204,Influenza Viruses,United States,,2001-09-02,% Weighted ILI,0.0,
205,Influenza Viruses,United States,,2001-09-09,% Weighted ILI,0.0,
206,Influenza Viruses,United States,,2001-09-16,% Weighted ILI,0.0,
207,Influenza Viruses,United States,,2001-09-23,% Weighted ILI,0.0,
208,Influenza Viruses,United States,,2001-09-30,% Weighted ILI,0.0,
209,Influenza Viruses,United States,,2001-10-07,% Weighted ILI,1.41046,
210,Influenza Viruses,United States,,2001-10-14,% Weighted ILI,1.77019,
211,Influenza Viruses,United States,,2001-10-21,% Weighted ILI,1.61904,
212,Influenza Viruses,United States,,2001-10-28,% Weighted ILI,1.77065,
213,Influenza Viruses,United States,,2001-11-04,% Weighted ILI,1.93891,
214,Influenza Viruses,United States,,2001-11-11,% Weighted ILI,1.63439,
215,Influenza Viruses,United States,,2001-11-18,% Weighted ILI,1.90363,
216,Influenza Viruses,United States,,2001-11-25,% Weighted ILI,1.80556,
217,Influenza Viruses,United States,,2001-12-02,% Weighted ILI,1.75506,
218,Influenza Viruses,United States,,2001-12-09,% Weighted ILI,1.53023,
219,Influenza Viruses,United States,,2001-12-16,% Weighted ILI,1.46161,
220,Influenza Viruses,United States,,2001-12-23,% Weighted ILI,1.96048,
221,Influenza Viruses,United States,,2001-12-30,% Weighted ILI,2.20435,
222,Influenza Viruses,United States,,2002-01-13,% Weighted ILI,2.1348,
223,Influenza Viruses,United States,,2002-01-20,% Weighted ILI,1.89441,
224,Influenza Viruses,United States,,2002-01-27,% Weighted ILI,2.83109,
225,Influenza Viruses,United States,,2002-02-03,% Weighted ILI,3.30481,
226,Influenza Viruses,United States,,2002-02-10,% Weighted ILI,3.61063,
227,Influenza Viruses,United States,,2002-02-17,% Weighted ILI,3.42799,
228,Influenza Viruses,United States,,2002-02-24,% Weighted ILI,3.76715,
229,Influenza Viruses,United States,,2002-03-03,% Weighted ILI,3.60018,
230,Influenza Viruses,United States,,2002-03-10,% Weighted ILI,3.20024,
231,Influenza Viruses,United States,,2002-03-17,% Weighted ILI,2.92633,
232,Influenza Viruses,United States,,2002-03-24,% Weighted ILI,2.85857,
233,Influenza Viruses,United States,,2002-03-31,% Weighted ILI,2.34745,
234,Influenza Viruses,United States,,2002-04-07,% Weighted ILI,2.23498,
235,Influenza Viruses,United States,,2002-04-14,% Weighted ILI,1.99355,
236,Influenza Viruses,United States,,2002-04-21,% Weighted ILI,1.37168,
237,Influenza Viruses,United States,,2002-04-28,% Weighted ILI,1.27033,
238,Influenza Viruses,United States,,2002-05-05,% Weighted ILI,0.999331,
239,Influenza Viruses,United States,,2002-05-12,% Weighted ILI,1.172,
240,Influenza Viruses,United States,,2002-05-19,% Weighted ILI,1.03472,
241,Influenza Viruses,United States,,2002-05-26,% Weighted ILI,0.703599,
242,Influenza Viruses,United States,,2002-06-02,% Weighted ILI,0.0,
243,Influenza Viruses,United States,,2002-06-09,% Weighted ILI,0.0,
244,Influenza Viruses,United States,,2002-06-16,% Weighted ILI,0.0,
245,Influenza Viruses,United States,,2002-06-23,% Weighted ILI,0.0,
246,Influenza Viruses,United States,,2002-06-30,% Weighted ILI,0.0,
247,Influenza Viruses,United States,,2002-07-07,% Weighted ILI,0.0,
248,Influenza Viruses,United States,,2002-07-14,% Weighted ILI,0.0,
249,Influenza Viruses,United States,,2002-07-21,% Weighted ILI,0.0,
250,Influenza Viruses,United States,,2002-07-28,% Weighted ILI,0.0,
251,Influenza Viruses,United States,,2002-08-04,% Weighted ILI,0.0,
252,Influenza Viruses,United States,,2002-08-11,% Weighted ILI,0.0,
253,Influenza Viruses,United States,,2002-08-18,% Weighted ILI,0.0,
254,Influenza Viruses,United States,,2002-08-25,% Weighted ILI,0.0,
255,Influenza Viruses,United States,,2002-09-01,% Weighted ILI,0.0,
256,Influenza Viruses,United States,,2002-09-08,% Weighted ILI,0.0,
257,Influenza Viruses,United States,,2002-09-15,% Weighted ILI,0.0,
258,Influenza Viruses,United States,,2002-09-22,% Weighted ILI,0.0,
259,Influenza Viruses,United States,,2002-09-29,% Weighted ILI,0.0,
260,Influenza Viruses,United States,,2002-10-06,% Weighted ILI,0.0,
261,Influenza Viruses,United States,,2002-10-13,% Weighted ILI,1.22262,
262,Influenza Viruses,United States,,2002-10-20,% Weighted ILI,1.33344,
263,Influenza Viruses,United States,,2002-10-27,% Weighted ILI,1.31929,
264,Influenza Viruses,United States,,2002-11-03,% Weighted ILI,1.49484,
265,Influenza Viruses,United States,,2002-11-10,% Weighted ILI,1.47195,
266,Influenza Viruses,United States,,2002-11-17,% Weighted ILI,1.58094,
267,Influenza Viruses,United States,,2002-11-24,% Weighted ILI,1.49426,
268,Influenza Viruses,United States,,2002-12-01,% Weighted ILI,1.40569,
269,Influenza Viruses,United States,,2002-12-08,% Weighted ILI,1.6141,
270,Influenza Viruses,United States,,2002-12-15,% Weighted ILI,1.45967,
271,Influenza Viruses,United States,,2002-12-22,% Weighted ILI,1.59896,
272,Influenza Viruses,United States,,2002-12-29,% Weighted ILI,2.16697,
273,Influenza Viruses,United States,,2003-01-05,% Weighted ILI,2.57842,
274,Influenza Viruses,United States,,2003-01-12,% Weighted ILI,2.38636,
275,Influenza Viruses,United States,,2003-01-19,% Weighted ILI,1.73621,
276,Influenza Viruses,United States,,2003-01-26,% Weighted ILI,2.06296,
277,Influenza Viruses,United States,,2003-02-02,% Weighted ILI,2.58113,
278,Influenza Viruses,United States,,2003-02-09,% Weighted ILI,2.93909,
279,Influenza Viruses,United States,,2003-02-16,% Weighted ILI,3.22539,
280,Influenza Viruses,United States,,2003-02-23,% Weighted ILI,3.06982,
281,Influenza Viruses,United States,,2003-03-02,% Weighted ILI,3.20044,
282,Influenza Viruses,United States,,2003-03-09,% Weighted ILI,2.44888,
283,Influenza Viruses,United States,,2003-03-16,% Weighted ILI,2.1344,
284,Influenza Viruses,United States,,2003-03-23,% Weighted ILI,1.99866,
285,Influenza Viruses,United States,,2003-03-30,% Weighted ILI,1.93849,
286,Influenza Viruses,United States,,2003-04-06,% Weighted ILI,1.41293,
287,Influenza Viruses,United States,,2003-04-13,% Weighted ILI,1.23472,
288,Influenza Viruses,United States,,2003-04-20,% Weighted ILI,1.20005,
289,Influenza Viruses,United States,,2003-04-27,% Weighted ILI,0.910135,
290,Influenza Viruses,United States,,2003-05-04,% Weighted ILI,0.932265,
291,Influenza Viruses,United States,,2003-05-11,% Weighted ILI,0.692175,
292,Influenza Viruses,United States,,2003-05-18,% Weighted ILI,0.669406,
293,Influenza Viruses,United States,,2003-05-25,% Weighted ILI,0.727705,
294,Influenza Viruses,United States,,2003-06-01,% Weighted ILI,0.717701,
295,Influenza Viruses,United States,,2003-06-08,% Weighted ILI,0.789394,
296,Influenza Viruses,United States,,2003-06-15,% Weighted ILI,0.722129,
297,Influenza Viruses,United States,,2003-06-22,% Weighted ILI,0.591326,
298,Influenza Viruses,United States,,2003-06-29,% Weighted ILI,0.52307,
299,Influenza Viruses,United States,,2003-07-06,% Weighted ILI,0.450236,
300,Influenza Viruses,United States,,2003-07-13,% Weighted ILI,0.397421,
301,Influenza Viruses,United States,,2003-07-20,% Weighted ILI,0.448002,
302,Influenza Viruses,United States,,2003-07-27,% Weighted ILI,0.474767,
303,Influenza Viruses,United States,,2003-08-03,% Weighted ILI,0.453251,
304,Influenza Viruses,United States,,2003-08-10,% Weighted ILI,0.352158,
305,Influenza Viruses,United States,,2003-08-17,% Weighted ILI,0.525322,
306,Influenza Viruses,United States,,2003-08-24,% Weighted ILI,0.492991,
307,Influenza Viruses,United States,,2003-08-31,% Weighted ILI,0.542728,
308,Influenza Viruses,United States,,2003-09-07,% Weighted ILI,0.490347,
309,Influenza Viruses,United States,,2003-09-14,% Weighted ILI,0.735914,
310,Influenza Viruses,United States,,2003-09-21,% Weighted ILI,0.581771,
311,Influenza Viruses,United States,,2003-09-28,% Weighted ILI,0.654162,
312,Influenza Viruses,United States,,2003-10-05,% Weighted ILI,0.749504,
313,Influenza Viruses,United States,,2003-10-12,% Weighted ILI,0.884021,
314,Influenza Viruses,United States,,2003-10-19,% Weighted ILI,1.02773,
315,Influenza Viruses,United States,,2003-10-26,% Weighted ILI,1.28296,
316,Influenza Viruses,United States,,2003-11-02,% Weighted ILI,1.32661,
317,Influenza Viruses,United States,,2003-11-09,% Weighted ILI,1.77304,
318,Influenza Viruses,United States,,2003-11-16,% Weighted ILI,2.43814,
319,Influenza Viruses,United States,,2003-11-23,% Weighted ILI,2.72605,
320,Influenza Viruses,United States,,2003-11-30,% Weighted ILI,3.73192,
321,Influenza Viruses,United States,,2003-12-07,% Weighted ILI,4.54894,
322,Influenza Viruses,United States,,2003-12-14,% Weighted ILI,5.39906,
323,Influenza Viruses,United States,,2003-12-21,% Weighted ILI,7.38735,
324,Influenza Viruses,United States,,2003-12-28,% Weighted ILI,7.48097,
325,Influenza Viruses,United States,,2004-01-04,% Weighted ILI,7.62797,
326,Influenza Viruses,United States,,2004-01-11,% Weighted ILI,5.14051,
327,Influenza Viruses,United States,,2004-01-11,% Weighted ILI,2.89129,
328,Influenza Viruses,United States,,2004-01-18,% Weighted ILI,2.10429,
329,Influenza Viruses,United States,,2004-01-25,% Weighted ILI,1.88696,
330,Influenza Viruses,United States,,2004-02-01,% Weighted ILI,1.7766,
331,Influenza Viruses,United States,,2004-02-08,% Weighted ILI,1.46001,
332,Influenza Viruses,United States,,2004-02-15,% Weighted ILI,1.37787,
333,Influenza Viruses,United States,,2004-02-22,% Weighted ILI,1.30532,
334,Influenza Viruses,United States,,2004-02-29,% Weighted ILI,1.08691,
335,Influenza Viruses,United States,,2004-03-07,% Weighted ILI,0.991888,
336,Influenza Viruses,United States,,2004-03-14,% Weighted ILI,1.02765,
337,Influenza Viruses,United States,,2004-03-21,% Weighted ILI,1.0579,
338,Influenza Viruses,United States,,2004-03-28,% Weighted ILI,0.849361,
339,Influenza Viruses,United States,,2004-04-04,% Weighted ILI,0.747127,
340,Influenza Viruses,United States,,2004-04-11,% Weighted ILI,0.661708,
341,Influenza Viruses,United States,,2004-04-18,% Weighted ILI,0.679514,
342,Influenza Viruses,United States,,2004-04-25,% Weighted ILI,0.633071,
343,Influenza Viruses,United States,,2004-05-02,% Weighted ILI,0.569894,
344,Influenza Viruses,United States,,2004-05-09,% Weighted ILI,0.591357,
345,Influenza Viruses,United States,,2004-05-16,% Weighted ILI,0.589044,
346,Influenza Viruses,United States,,2004-05-23,% Weighted ILI,0.67864,
347,Influenza Viruses,United States,,2004-05-30,% Weighted ILI,0.637558,
348,Influenza Viruses,United States,,2004-06-06,% Weighted ILI,0.813309,
349,Influenza Viruses,United States,,2004-06-13,% Weighted ILI,0.834551,
350,Influenza Viruses,United States,,2004-06-20,% Weighted ILI,0.616174,
351,Influenza Viruses,United States,,2004-06-27,% Weighted ILI,0.513286,
352,Influenza Viruses,United States,,2004-07-04,% Weighted ILI,0.351881,
353,Influenza Viruses,United States,,2004-07-11,% Weighted ILI,0.542621,
354,Influenza Viruses,United States,,2004-07-18,% Weighted ILI,0.581036,
355,Influenza Viruses,United States,,2004-07-25,% Weighted ILI,0.495486,
356,Influenza Viruses,United States,,2004-08-01,% Weighted ILI,0.61209,
357,Influenza Viruses,United States,,2004-08-08,% Weighted ILI,0.531491,
358,Influenza Viruses,United States,,2004-08-15,% Weighted ILI,0.519987,
359,Influenza Viruses,United States,,2004-08-22,% Weighted ILI,0.574476,
360,Influenza Viruses,United States,,2004-08-29,% Weighted ILI,0.663175,
361,Influenza Viruses,United States,,2004-09-05,% Weighted ILI,0.614691,
362,Influenza Viruses,United States,,2004-09-12,% Weighted ILI,0.656823,
363,Influenza Viruses,United States,,2004-09-19,% Weighted ILI,0.723016,
364,Influenza Viruses,United States,,2004-09-26,% Weighted ILI,0.691857,
365,Influenza Viruses,United States,,2004-10-03,% Weighted ILI,0.782758,
366,Influenza Viruses,United States,,2004-10-10,% Weighted ILI,0.982275,
367,Influenza Viruses,United States,,2004-10-17,% Weighted ILI,1.01821,
368,Influenza Viruses,United States,,2004-10-24,% Weighted ILI,1.1768,
369,Influenza Viruses,United States,,2004-10-31,% Weighted ILI,1.30121,
370,Influenza Viruses,United States,,2004-11-07,% Weighted ILI,1.27746,
371,Influenza Viruses,United States,,2004-11-14,% Weighted ILI,1.40387,
372,Influenza Viruses,United States,,2004-11-21,% Weighted ILI,1.40301,
373,Influenza Viruses,United States,,2004-11-28,% Weighted ILI,1.73975,
374,Influenza Viruses,United States,,2004-12-05,% Weighted ILI,1.56894,
375,Influenza Viruses,United States,,2004-12-12,% Weighted ILI,1.65927,
376,Influenza Viruses,United States,,2004-12-19,% Weighted ILI,1.81341,
377,Influenza Viruses,United States,,2004-12-26,% Weighted ILI,2.37626,
378,Influenza Viruses,United States,,2005-01-02,% Weighted ILI,2.77052,
379,Influenza Viruses,United States,,2005-01-09,% Weighted ILI,2.40064,
380,Influenza Viruses,United States,,2005-01-16,% Weighted ILI,2.54155,
381,Influenza Viruses,United States,,2005-01-23,% Weighted ILI,2.85871,
382,Influenza Viruses,United States,,2005-01-30,% Weighted ILI,3.55011,
383,Influenza Viruses,United States,,2005-02-06,% Weighted ILI,4.58591,
384,Influenza Viruses,United States,,2005-02-13,% Weighted ILI,5.05809,
385,Influenza Viruses,United States,,2005-02-20,% Weighted ILI,5.44151,
386,Influenza Viruses,United States,,2005-02-27,% Weighted ILI,4.4729,
387,Influenza Viruses,United States,,2005-03-06,% Weighted ILI,3.6752,
388,Influenza Viruses,United States,,2005-03-13,% Weighted ILI,3.3353,
389,Influenza Viruses,United States,,2005-03-20,% Weighted ILI,2.76224,
390,Influenza Viruses,United States,,2005-03-27,% Weighted ILI,2.46844,
391,Influenza Viruses,United States,,2005-04-03,% Weighted ILI,2.00081,
392,Influenza Viruses,United States,,2005-04-10,% Weighted ILI,1.54319,
393,Influenza Viruses,United States,,2005-04-17,% Weighted ILI,1.50195,
394,Influenza Viruses,United States,,2005-04-24,% Weighted ILI,1.22918,
395,Influenza Viruses,United States,,2005-05-01,% Weighted ILI,1.21854,
396,Influenza Viruses,United States,,2005-05-08,% Weighted ILI,1.15832,
397,Influenza Viruses,United States,,2005-05-15,% Weighted ILI,1.249,
398,Influenza Viruses,United States,,2005-05-22,% Weighted ILI,1.16888,
399,Influenza Viruses,United States,,2005-05-29,% Weighted ILI,1.07888,
400,Influenza Viruses,United States,,2005-06-05,% Weighted ILI,1.23059,
401,Influenza Viruses,United States,,2005-06-12,% Weighted ILI,1.14747,
402,Influenza Viruses,United States,,2005-06-19,% Weighted ILI,1.00254,
403,Influenza Viruses,United States,,2005-06-26,% Weighted ILI,0.957569,
404,Influenza Viruses,United States,,2005-07-03,% Weighted ILI,0.894837,
405,Influenza Viruses,United States,,2005-07-10,% Weighted ILI,0.798205,
406,Influenza Viruses,United States,,2005-07-17,% Weighted ILI,0.757812,
407,Influenza Viruses,United States,,2005-07-24,% Weighted ILI,0.825963,
408,Influenza Viruses,United States,,2005-07-31,% Weighted ILI,0.744927,
409,Influenza Viruses,United States,,2005-08-07,% Weighted ILI,0.787049,
410,Influenza Viruses,United States,,2005-08-14,% Weighted ILI,0.684724,
411,Influenza Viruses,United States,,2005-08-21,% Weighted ILI,0.747361,
412,Influenza Viruses,United States,,2005-08-28,% Weighted ILI,0.673974,
413,Influenza Viruses,United States,,2005-09-04,% Weighted ILI,0.869662,
414,Influenza Viruses,United States,,2005-09-11,% Weighted ILI,0.899529,
415,Influenza Viruses,United States,,2005-09-18,% Weighted ILI,0.854635,
416,Influenza Viruses,United States,,2005-09-25,% Weighted ILI,1.01123,
417,Influenza Viruses,United States,,2005-10-02,% Weighted ILI,0.977808,
418,Influenza Viruses,United States,,2005-10-09,% Weighted ILI,1.17778,
419,Influenza Viruses,United States,,2005-10-16,% Weighted ILI,1.21947,
420,Influenza Viruses,United States,,2005-10-23,% Weighted ILI,1.3069,
421,Influenza Viruses,United States,,2005-10-30,% Weighted ILI,1.33931,
422,Influenza Viruses,United States,,2005-11-06,% Weighted ILI,1.58374,
423,Influenza Viruses,United States,,2005-11-13,% Weighted ILI,1.47072,
424,Influenza Viruses,United States,,2005-11-20,% Weighted ILI,1.6112,
425,Influenza Viruses,United States,,2005-11-27,% Weighted ILI,1.82699,
426,Influenza Viruses,United States,,2005-12-04,% Weighted ILI,1.77482,
427,Influenza Viruses,United States,,2005-12-11,% Weighted ILI,1.94451,
428,Influenza Viruses,United States,,2005-12-18,% Weighted ILI,2.35512,
429,Influenza Viruses,United States,,2005-12-25,% Weighted ILI,3.10878,
430,Influenza Viruses,United States,,2006-01-01,% Weighted ILI,3.28238,
431,Influenza Viruses,United States,,2006-01-08,% Weighted ILI,2.62914,
432,Influenza Viruses,United States,,2006-01-15,% Weighted ILI,2.2515,
433,Influenza Viruses,United States,,2006-01-22,% Weighted ILI,2.35858,
434,Influenza Viruses,United States,,2006-01-29,% Weighted ILI,2.41881,
435,Influenza Viruses,United States,,2006-02-05,% Weighted ILI,2.52752,
436,Influenza Viruses,United States,,2006-02-12,% Weighted ILI,2.64954,
437,Influenza Viruses,United States,,2006-02-19,% Weighted ILI,3.12935,
438,Influenza Viruses,United States,,2006-02-26,% Weighted ILI,3.12442,
439,Influenza Viruses,United States,,2006-03-05,% Weighted ILI,3.13099,
440,Influenza Viruses,United States,,2006-03-12,% Weighted ILI,3.08261,
441,Influenza Viruses,United States,,2006-03-19,% Weighted ILI,2.64431,
442,Influenza Viruses,United States,,2006-03-26,% Weighted ILI,2.42295,
443,Influenza Viruses,United States,,2006-04-02,% Weighted ILI,2.31141,
444,Influenza Viruses,United States,,2006-04-09,% Weighted ILI,1.86383,
445,Influenza Viruses,United States,,2006-04-16,% Weighted ILI,1.44943,
446,Influenza Viruses,United States,,2006-04-23,% Weighted ILI,1.30227,
447,Influenza Viruses,United States,,2006-04-30,% Weighted ILI,1.13459,
448,Influenza Viruses,United States,,2006-05-07,% Weighted ILI,1.06255,
449,Influenza Viruses,United States,,2006-05-14,% Weighted ILI,1.03428,
450,Influenza Viruses,United States,,2006-05-21,% Weighted ILI,1.01791,
451,Influenza Viruses,United States,,2006-05-28,% Weighted ILI,0.918151,
452,Influenza Viruses,United States,,2006-06-04,% Weighted ILI,0.93099,
453,Influenza Viruses,United States,,2006-06-11,% Weighted ILI,0.857294,
454,Influenza Viruses,United States,,2006-06-18,% Weighted ILI,0.786294,
455,Influenza Viruses,United States,,2006-06-25,% Weighted ILI,0.719426,
456,Influenza Viruses,United States,,2006-07-02,% Weighted ILI,0.718868,
457,Influenza Viruses,United States,,2006-07-09,% Weighted ILI,0.774807,
458,Influenza Viruses,United States,,2006-07-16,% Weighted ILI,0.76598,
459,Influenza Viruses,United States,,2006-07-23,% Weighted ILI,0.642809,
460,Influenza Viruses,United States,,2006-07-30,% Weighted ILI,0.622033,
461,Influenza Viruses,United States,,2006-08-06,% Weighted ILI,0.616326,
462,Influenza Viruses,United States,,2006-08-13,% Weighted ILI,0.685694,
463,Influenza Viruses,United States,,2006-08-20,% Weighted ILI,0.622697,
464,Influenza Viruses,United States,,2006-08-27,% Weighted ILI,0.611817,
465,Influenza Viruses,United States,,2006-09-03,% Weighted ILI,0.638831,
466,Influenza Viruses,United States,,2006-09-10,% Weighted ILI,0.806627,
467,Influenza Viruses,United States,,2006-09-17,% Weighted ILI,0.762448,
468,Influenza Viruses,United States,,2006-09-24,% Weighted ILI,0.813406,
469,Influenza Viruses,United States,,2006-10-01,% Weighted ILI,0.807934,
470,Influenza Viruses,United States,,2006-10-08,% Weighted ILI,1.15384,
471,Influenza Viruses,United States,,2006-10-15,% Weighted ILI,1.14819,
472,Influenza Viruses,United States,,2006-10-22,% Weighted ILI,1.22736,
473,Influenza Viruses,United States,,2006-10-29,% Weighted ILI,1.21744,
474,Influenza Viruses,United States,,2006-11-05,% Weighted ILI,1.32813,
475,Influenza Viruses,United States,,2006-11-12,% Weighted ILI,1.47754,
476,Influenza Viruses,United States,,2006-11-19,% Weighted ILI,1.5339,
477,Influenza Viruses,United States,,2006-11-26,% Weighted ILI,1.91269,
478,Influenza Viruses,United States,,2006-12-03,% Weighted ILI,1.838,
479,Influenza Viruses,United States,,2006-12-10,% Weighted ILI,1.95376,
480,Influenza Viruses,United States,,2006-12-17,% Weighted ILI,2.40407,
481,Influenza Viruses,United States,,2006-12-24,% Weighted ILI,2.87453,
482,Influenza Viruses,United States,,2006-12-31,% Weighted ILI,3.02597,
483,Influenza Viruses,United States,,2007-01-07,% Weighted ILI,2.37817,
484,Influenza Viruses,United States,,2007-01-14,% Weighted ILI,2.09232,
485,Influenza Viruses,United States,,2007-01-21,% Weighted ILI,2.29396,
486,Influenza Viruses,United States,,2007-01-28,% Weighted ILI,2.74501,
487,Influenza Viruses,United States,,2007-02-04,% Weighted ILI,3.04434,
488,Influenza Viruses,United States,,2007-02-11,% Weighted ILI,3.49999,
489,Influenza Viruses,United States,,2007-02-18,% Weighted ILI,3.57851,
490,Influenza Viruses,United States,,2007-02-25,% Weighted ILI,3.28979,
491,Influenza Viruses,United States,,2007-03-04,% Weighted ILI,2.89149,
492,Influenza Viruses,United States,,2007-03-11,% Weighted ILI,2.62075,
493,Influenza Viruses,United States,,2007-03-18,% Weighted ILI,2.53387,
494,Influenza Viruses,United States,,2007-03-25,% Weighted ILI,2.07251,
495,Influenza Viruses,United States,,2007-04-01,% Weighted ILI,1.87084,
496,Influenza Viruses,United States,,2007-04-08,% Weighted ILI,1.40042,
497,Influenza Viruses,United States,,2007-04-15,% Weighted ILI,1.46887,
498,Influenza Viruses,United States,,2007-04-22,% Weighted ILI,1.15514,
499,Influenza Viruses,United States,,2007-04-29,% Weighted ILI,1.07901,
500,Influenza Viruses,United States,,2007-05-06,% Weighted ILI,0.98492,
501,Influenza Viruses,United States,,2007-05-13,% Weighted ILI,1.03325,
502,Influenza Viruses,United States,,2007-05-20,% Weighted ILI,0.926649,
503,Influenza Viruses,United States,,2007-05-27,% Weighted ILI,0.9201,
504,Influenza Viruses,United States,,2007-06-03,% Weighted ILI,0.954094,
505,Influenza Viruses,United States,,2007-06-10,% Weighted ILI,0.763278,
506,Influenza Viruses,United States,,2007-06-17,% Weighted ILI,0.81722,
507,Influenza Viruses,United States,,2007-06-24,% Weighted ILI,0.764586,
508,Influenza Viruses,United States,,2007-07-01,% Weighted ILI,0.793127,
509,Influenza Viruses,United States,,2007-07-08,% Weighted ILI,0.66909,
510,Influenza Viruses,United States,,2007-07-15,% Weighted ILI,0.62115,
511,Influenza Viruses,United States,,2007-07-22,% Weighted ILI,0.603659,
512,Influenza Viruses,United States,,2007-07-29,% Weighted ILI,0.649058,
513,Influenza Viruses,United States,,2007-08-05,% Weighted ILI,0.568338,
514,Influenza Viruses,United States,,2007-08-12,% Weighted ILI,0.651546,
515,Influenza Viruses,United States,,2007-08-19,% Weighted ILI,0.652176,
516,Influenza Viruses,United States,,2007-08-26,% Weighted ILI,0.803849,
517,Influenza Viruses,United States,,2007-09-02,% Weighted ILI,0.787458,
518,Influenza Viruses,United States,,2007-09-09,% Weighted ILI,0.943263,
519,Influenza Viruses,United States,,2007-09-16,% Weighted ILI,0.946932,
520,Influenza Viruses,United States,,2007-09-23,% Weighted ILI,0.987146,
521,Influenza Viruses,United States,,2007-09-30,% Weighted ILI,1.05206,
522,Influenza Viruses,United States,,2007-10-07,% Weighted ILI,0.995184,
523,Influenza Viruses,United States,,2007-10-14,% Weighted ILI,1.22003,
524,Influenza Viruses,United States,,2007-10-21,% Weighted ILI,1.28548,
525,Influenza Viruses,United States,,2007-10-28,% Weighted ILI,1.3775,
526,Influenza Viruses,United States,,2007-11-04,% Weighted ILI,1.46725,
527,Influenza Viruses,United States,,2007-11-11,% Weighted ILI,1.55841,
528,Influenza Viruses,United States,,2007-11-18,% Weighted ILI,1.61958,
529,Influenza Viruses,United States,,2007-11-25,% Weighted ILI,1.8112,
530,Influenza Viruses,United States,,2007-12-02,% Weighted ILI,1.61865,
531,Influenza Viruses,United States,,2007-12-09,% Weighted ILI,1.62124,
532,Influenza Viruses,United States,,2007-12-16,% Weighted ILI,1.67351,
533,Influenza Viruses,United States,,2007-12-23,% Weighted ILI,1.95096,
534,Influenza Viruses,United States,,2007-12-30,% Weighted ILI,2.50019,
535,Influenza Viruses,United States,,2008-01-13,% Weighted ILI,2.43939,
536,Influenza Viruses,United States,,2008-01-20,% Weighted ILI,2.29319,
537,Influenza Viruses,United States,,2008-01-27,% Weighted ILI,2.62907,
538,Influenza Viruses,United States,,2008-02-03,% Weighted ILI,3.92966,
539,Influenza Viruses,United States,,2008-02-10,% Weighted ILI,4.99202,
540,Influenza Viruses,United States,,2008-02-17,% Weighted ILI,5.7776,
541,Influenza Viruses,United States,,2008-02-24,% Weighted ILI,5.98318,
542,Influenza Viruses,United States,,2008-03-02,% Weighted ILI,5.61677,
543,Influenza Viruses,United States,,2008-03-09,% Weighted ILI,4.53234,
544,Influenza Viruses,United States,,2008-03-16,% Weighted ILI,3.83249,
545,Influenza Viruses,United States,,2008-03-23,% Weighted ILI,3.21522,
546,Influenza Viruses,United States,,2008-03-30,% Weighted ILI,2.69245,
547,Influenza Viruses,United States,,2008-04-06,% Weighted ILI,2.03366,
548,Influenza Viruses,United States,,2008-04-13,% Weighted ILI,1.65275,
549,Influenza Viruses,United States,,2008-04-20,% Weighted ILI,1.3113,
550,Influenza Viruses,United States,,2008-04-27,% Weighted ILI,1.1652,
551,Influenza Viruses,United States,,2008-05-04,% Weighted ILI,1.02035,
552,Influenza Viruses,United States,,2008-05-11,% Weighted ILI,0.877607,
553,Influenza Viruses,United States,,2008-05-18,% Weighted ILI,0.825107,
554,Influenza Viruses,United States,,2008-05-25,% Weighted ILI,0.787315,
555,Influenza Viruses,United States,,2008-06-01,% Weighted ILI,0.805439,
556,Influenza Viruses,United States,,2008-06-08,% Weighted ILI,0.886061,
557,Influenza Viruses,United States,,2008-06-15,% Weighted ILI,0.743743,
558,Influenza Viruses,United States,,2008-06-22,% Weighted ILI,0.706842,
559,Influenza Viruses,United States,,2008-06-29,% Weighted ILI,0.655943,
560,Influenza Viruses,United States,,2008-07-06,% Weighted ILI,0.633492,
561,Influenza Viruses,United States,,2008-07-13,% Weighted ILI,0.571837,
562,Influenza Viruses,United States,,2008-07-20,% Weighted ILI,0.558278,
563,Influenza Viruses,United States,,2008-07-27,% Weighted ILI,0.597893,
564,Influenza Viruses,United States,,2008-08-03,% Weighted ILI,0.577222,
565,Influenza Viruses,United States,,2008-08-10,% Weighted ILI,0.596987,
566,Influenza Viruses,United States,,2008-08-17,% Weighted ILI,0.564653,
567,Influenza Viruses,United States,,2008-08-24,% Weighted ILI,0.585682,
568,Influenza Viruses,United States,,2008-08-31,% Weighted ILI,0.503985,
569,Influenza Viruses,United States,,2008-09-07,% Weighted ILI,0.468139,
570,Influenza Viruses,United States,,2008-09-14,% Weighted ILI,0.576455,
571,Influenza Viruses,United States,,2008-09-21,% Weighted ILI,0.681361,
572,Influenza Viruses,United States,,2008-09-28,% Weighted ILI,0.794764,
573,Influenza Viruses,United States,,2008-10-05,% Weighted ILI,0.868116,
574,Influenza Viruses,United States,,2008-10-12,% Weighted ILI,1.06828,
575,Influenza Viruses,United States,,2008-10-19,% Weighted ILI,1.00756,
576,Influenza Viruses,United States,,2008-10-26,% Weighted ILI,0.979399,
577,Influenza Viruses,United States,,2008-11-02,% Weighted ILI,1.04943,
578,Influenza Viruses,United States,,2008-11-09,% Weighted ILI,1.13218,
579,Influenza Viruses,United States,,2008-11-16,% Weighted ILI,1.13156,
580,Influenza Viruses,United States,,2008-11-23,% Weighted ILI,1.15469,
581,Influenza Viruses,United States,,2008-11-30,% Weighted ILI,1.20448,
582,Influenza Viruses,United States,,2008-12-07,% Weighted ILI,1.36081,
583,Influenza Viruses,United States,,2008-12-14,% Weighted ILI,1.30322,
584,Influenza Viruses,United States,,2008-12-21,% Weighted ILI,1.30204,
585,Influenza Viruses,United States,,2008-12-28,% Weighted ILI,1.45109,
586,Influenza Viruses,United States,,2009-01-04,% Weighted ILI,1.79927,
587,Influenza Viruses,United States,,2009-01-11,% Weighted ILI,2.12134,
588,Influenza Viruses,United States,,2009-01-11,% Weighted ILI,1.47138,
589,Influenza Viruses,United States,,2009-01-18,% Weighted ILI,1.61555,
590,Influenza Viruses,United States,,2009-01-25,% Weighted ILI,1.95333,
591,Influenza Viruses,United States,,2009-02-01,% Weighted ILI,2.42907,
592,Influenza Viruses,United States,,2009-02-08,% Weighted ILI,2.96686,
593,Influenza Viruses,United States,,2009-02-15,% Weighted ILI,3.57354,
594,Influenza Viruses,United States,,2009-02-22,% Weighted ILI,3.36653,
595,Influenza Viruses,United States,,2009-03-01,% Weighted ILI,3.2962,
596,Influenza Viruses,United States,,2009-03-08,% Weighted ILI,3.17227,
597,Influenza Viruses,United States,,2009-03-15,% Weighted ILI,2.5804,
598,Influenza Viruses,United States,,2009-03-22,% Weighted ILI,2.42922,
599,Influenza Viruses,United States,,2009-03-29,% Weighted ILI,1.99028,
600,Influenza Viruses,United States,,2009-04-05,% Weighted ILI,1.72423,
601,Influenza Viruses,United States,,2009-04-12,% Weighted ILI,1.60355,
602,Influenza Viruses,United States,,2009-04-19,% Weighted ILI,1.28418,
603,Influenza Viruses,United States,,2009-04-26,% Weighted ILI,1.2932,
604,Influenza Viruses,United States,,2009-05-03,% Weighted ILI,2.74012,
605,Influenza Viruses,United States,,2009-05-10,% Weighted ILI,2.22391,
606,Influenza Viruses,United States,,2009-05-17,% Weighted ILI,1.76657,
607,Influenza Viruses,United States,,2009-05-24,% Weighted ILI,1.92171,
608,Influenza Viruses,United States,,2009-05-31,% Weighted ILI,1.8611,
609,Influenza Viruses,United States,,2009-06-07,% Weighted ILI,1.68423,
610,Influenza Viruses,United States,,2009-06-14,% Weighted ILI,1.7393,
611,Influenza Viruses,United States,,2009-06-21,% Weighted ILI,1.83001,
612,Influenza Viruses,United States,,2009-06-28,% Weighted ILI,1.58128,
613,Influenza Viruses,United States,,2009-07-05,% Weighted ILI,1.49172,
614,Influenza Viruses,United States,,2009-07-12,% Weighted ILI,1.389,
615,Influenza Viruses,United States,,2009-07-19,% Weighted ILI,1.34702,
616,Influenza Viruses,United States,,2009-07-26,% Weighted ILI,1.16056,
617,Influenza Viruses,United States,,2009-08-02,% Weighted ILI,1.2085,
618,Influenza Viruses,United States,,2009-08-09,% Weighted ILI,1.15544,
619,Influenza Viruses,United States,,2009-08-16,% Weighted ILI,1.14518,
620,Influenza Viruses,United States,,2009-08-23,% Weighted ILI,1.4664,
621,Influenza Viruses,United States,,2009-08-30,% Weighted ILI,2.38017,
622,Influenza Viruses,United States,,2009-09-06,% Weighted ILI,3.44681,
623,Influenza Viruses,United States,,2009-09-13,% Weighted ILI,4.05315,
624,Influenza Viruses,United States,,2009-09-20,% Weighted ILI,4.26621,
625,Influenza Viruses,United States,,2009-09-27,% Weighted ILI,4.21579,
626,Influenza Viruses,United States,,2009-10-04,% Weighted ILI,4.8861,
627,Influenza Viruses,United States,,2009-10-11,% Weighted ILI,6.06923,
628,Influenza Viruses,United States,,2009-10-18,% Weighted ILI,7.09467,
629,Influenza Viruses,United States,,2009-10-25,% Weighted ILI,7.7151,
630,Influenza Viruses,United States,,2009-11-01,% Weighted ILI,7.55134,
631,Influenza Viruses,United States,,2009-11-08,% Weighted ILI,6.67118,
632,Influenza Viruses,United States,,2009-11-15,% Weighted ILI,5.20633,
633,Influenza Viruses,United States,,2009-11-22,% Weighted ILI,4.04477,
634,Influenza Viruses,United States,,2009-11-29,% Weighted ILI,3.49722,
635,Influenza Viruses,United States,,2009-12-06,% Weighted ILI,2.69023,
636,Influenza Viruses,United States,,2009-12-13,% Weighted ILI,2.47119,
637,Influenza Viruses,United States,,2009-12-20,% Weighted ILI,2.44773,
638,Influenza Viruses,United States,,2009-12-27,% Weighted ILI,2.64594,
639,Influenza Viruses,United States,,2010-01-03,% Weighted ILI,2.61567,
640,Influenza Viruses,United States,,2010-01-10,% Weighted ILI,1.90712,
641,Influenza Viruses,United States,,2010-01-17,% Weighted ILI,1.86738,
642,Influenza Viruses,United States,,2010-01-24,% Weighted ILI,1.88072,
643,Influenza Viruses,United States,,2010-01-31,% Weighted ILI,1.96908,
644,Influenza Viruses,United States,,2010-02-07,% Weighted ILI,2.11387,
645,Influenza Viruses,United States,,2010-02-14,% Weighted ILI,2.09695,
646,Influenza Viruses,United States,,2010-02-21,% Weighted ILI,1.90294,
647,Influenza Viruses,United States,,2010-02-28,% Weighted ILI,1.96951,
648,Influenza Viruses,United States,,2010-03-07,% Weighted ILI,1.92331,
649,Influenza Viruses,United States,,2010-03-14,% Weighted ILI,1.89659,
650,Influenza Viruses,United States,,2010-03-21,% Weighted ILI,1.75181,
651,Influenza Viruses,United States,,2010-03-28,% Weighted ILI,1.52632,
652,Influenza Viruses,United States,,2010-04-04,% Weighted ILI,1.49572,
653,Influenza Viruses,United States,,2010-04-11,% Weighted ILI,1.22313,
654,Influenza Viruses,United States,,2010-04-18,% Weighted ILI,1.17754,
655,Influenza Viruses,United States,,2010-04-25,% Weighted ILI,1.09112,
656,Influenza Viruses,United States,,2010-05-02,% Weighted ILI,1.11958,
657,Influenza Viruses,United States,,2010-05-09,% Weighted ILI,1.08169,
658,Influenza Viruses,United States,,2010-05-16,% Weighted ILI,1.12497,
659,Influenza Viruses,United States,,2010-05-23,% Weighted ILI,1.06197,
660,Influenza Viruses,United States,,2010-05-30,% Weighted ILI,1.08909,
661,Influenza Viruses,United States,,2010-06-06,% Weighted ILI,1.1776,
662,Influenza Viruses,United States,,2010-06-13,% Weighted ILI,0.97493,
663,Influenza Viruses,United States,,2010-06-20,% Weighted ILI,0.987132,
664,Influenza Viruses,United States,,2010-06-27,% Weighted ILI,0.995991,
665,Influenza Viruses,United States,,2010-07-04,% Weighted ILI,0.904726,
666,Influenza Viruses,United States,,2010-07-11,% Weighted ILI,0.941927,
667,Influenza Viruses,United States,,2010-07-18,% Weighted ILI,0.880415,
668,Influenza Viruses,United States,,2010-07-25,% Weighted ILI,0.842615,
669,Influenza Viruses,United States,,2010-08-01,% Weighted ILI,0.858382,
670,Influenza Viruses,United States,,2010-08-08,% Weighted ILI,0.83383,
671,Influenza Viruses,United States,,2010-08-15,% Weighted ILI,0.847437,
672,Influenza Viruses,United States,,2010-08-22,% Weighted ILI,0.888273,
673,Influenza Viruses,United States,,2010-08-29,% Weighted ILI,0.765372,
674,Influenza Viruses,United States,,2010-09-05,% Weighted ILI,0.91858,
675,Influenza Viruses,United States,,2010-09-12,% Weighted ILI,1.01432,
676,Influenza Viruses,United States,,2010-09-19,% Weighted ILI,1.01233,
677,Influenza Viruses,United States,,2010-09-26,% Weighted ILI,1.11803,
678,Influenza Viruses,United States,,2010-10-03,% Weighted ILI,1.11806,
679,Influenza Viruses,United States,,2010-10-10,% Weighted ILI,1.10939,
680,Influenza Viruses,United States,,2010-10-17,% Weighted ILI,1.24341,
681,Influenza Viruses,United States,,2010-10-24,% Weighted ILI,1.25726,
682,Influenza Viruses,United States,,2010-10-31,% Weighted ILI,1.25734,
683,Influenza Viruses,United States,,2010-11-07,% Weighted ILI,1.43414,
684,Influenza Viruses,United States,,2010-11-14,% Weighted ILI,1.51838,
685,Influenza Viruses,United States,,2010-11-21,% Weighted ILI,1.61617,
686,Influenza Viruses,United States,,2010-11-28,% Weighted ILI,1.84378,
687,Influenza Viruses,United States,,2010-12-05,% Weighted ILI,1.72535,
688,Influenza Viruses,United States,,2010-12-12,% Weighted ILI,1.87923,
689,Influenza Viruses,United States,,2010-12-19,% Weighted ILI,2.3371,
690,Influenza Viruses,United States,,2010-12-26,% Weighted ILI,3.03533,
691,Influenza Viruses,United States,,2011-01-02,% Weighted ILI,3.136,
692,Influenza Viruses,United States,,2011-01-09,% Weighted ILI,2.53336,
693,Influenza Viruses,United States,,2011-01-16,% Weighted ILI,2.91288,
694,Influenza Viruses,United States,,2011-01-23,% Weighted ILI,3.44497,
695,Influenza Viruses,United States,,2011-01-30,% Weighted ILI,4.16185,
696,Influenza Viruses,United States,,2011-02-06,% Weighted ILI,4.55159,
697,Influenza Viruses,United States,,2011-02-13,% Weighted ILI,4.46504,
698,Influenza Viruses,United States,,2011-02-20,% Weighted ILI,4.55124,
699,Influenza Viruses,United States,,2011-02-27,% Weighted ILI,4.0822,
700,Influenza Viruses,United States,,2011-03-06,% Weighted ILI,3.38812,
701,Influenza Viruses,United States,,2011-03-13,% Weighted ILI,2.99142,
702,Influenza Viruses,United States,,2011-03-20,% Weighted ILI,2.61542,
703,Influenza Viruses,United States,,2011-03-27,% Weighted ILI,2.09065,
704,Influenza Viruses,United States,,2011-04-03,% Weighted ILI,1.86146,
705,Influenza Viruses,United States,,2011-04-10,% Weighted ILI,1.61377,
706,Influenza Viruses,United States,,2011-04-17,% Weighted ILI,1.42199,
707,Influenza Viruses,United States,,2011-04-24,% Weighted ILI,1.3382,
708,Influenza Viruses,United States,,2011-05-01,% Weighted ILI,1.19995,
709,Influenza Viruses,United States,,2011-05-08,% Weighted ILI,1.14889,
710,Influenza Viruses,United States,,2011-05-15,% Weighted ILI,1.12194,
711,Influenza Viruses,United States,,2011-05-22,% Weighted ILI,1.06712,
712,Influenza Viruses,United States,,2011-05-29,% Weighted ILI,1.05058,
713,Influenza Viruses,United States,,2011-06-05,% Weighted ILI,1.15203,
714,Influenza Viruses,United States,,2011-06-12,% Weighted ILI,0.970975,
715,Influenza Viruses,United States,,2011-06-19,% Weighted ILI,0.894683,
716,Influenza Viruses,United States,,2011-06-26,% Weighted ILI,0.843568,
717,Influenza Viruses,United States,,2011-07-03,% Weighted ILI,0.815409,
718,Influenza Viruses,United States,,2011-07-10,% Weighted ILI,0.823052,
719,Influenza Viruses,United States,,2011-07-17,% Weighted ILI,0.674635,
720,Influenza Viruses,United States,,2011-07-24,% Weighted ILI,0.631883,
721,Influenza Viruses,United States,,2011-07-31,% Weighted ILI,0.641513,
722,Influenza Viruses,United States,,2011-08-07,% Weighted ILI,0.529813,
723,Influenza Viruses,United States,,2011-08-14,% Weighted ILI,0.644089,
724,Influenza Viruses,United States,,2011-08-21,% Weighted ILI,0.667718,
725,Influenza Viruses,United States,,2011-08-28,% Weighted ILI,0.705668,
726,Influenza Viruses,United States,,2011-09-04,% Weighted ILI,0.804155,
727,Influenza Viruses,United States,,2011-09-11,% Weighted ILI,0.907804,
728,Influenza Viruses,United States,,2011-09-18,% Weighted ILI,1.00555,
729,Influenza Viruses,United States,,2011-09-25,% Weighted ILI,1.03601,
730,Influenza Viruses,United States,,2011-10-02,% Weighted ILI,1.07583,
731,Influenza Viruses,United States,,2011-10-09,% Weighted ILI,1.16092,
732,Influenza Viruses,United States,,2011-10-16,% Weighted ILI,1.19785,
733,Influenza Viruses,United States,,2011-10-23,% Weighted ILI,1.27926,
734,Influenza Viruses,United States,,2011-10-30,% Weighted ILI,1.29194,
735,Influenza Viruses,United States,,2011-11-06,% Weighted ILI,1.42824,
736,Influenza Viruses,United States,,2011-11-13,% Weighted ILI,1.39803,
737,Influenza Viruses,United States,,2011-11-20,% Weighted ILI,1.45831,
738,Influenza Viruses,United States,,2011-11-27,% Weighted ILI,1.56548,
739,Influenza Viruses,United States,,2011-12-04,% Weighted ILI,1.34313,
740,Influenza Viruses,United States,,2011-12-11,% Weighted ILI,1.48139,
741,Influenza Viruses,United States,,2011-12-18,% Weighted ILI,1.63398,
742,Influenza Viruses,United States,,2011-12-25,% Weighted ILI,1.83126,
743,Influenza Viruses,United States,,2012-01-01,% Weighted ILI,2.10451,
744,Influenza Viruses,United States,,2012-01-08,% Weighted ILI,1.73625,
745,Influenza Viruses,United States,,2012-01-15,% Weighted ILI,1.55066,
746,Influenza Viruses,United States,,2012-01-22,% Weighted ILI,1.62891,
747,Influenza Viruses,United States,,2012-01-29,% Weighted ILI,1.76038,
748,Influenza Viruses,United States,,2012-02-05,% Weighted ILI,1.92728,
749,Influenza Viruses,United States,,2012-02-12,% Weighted ILI,1.91994,
750,Influenza Viruses,United States,,2012-02-19,% Weighted ILI,2.09951,
751,Influenza Viruses,United States,,2012-02-26,% Weighted ILI,2.23973,
752,Influenza Viruses,United States,,2012-03-04,% Weighted ILI,2.21921,
753,Influenza Viruses,United States,,2012-03-11,% Weighted ILI,2.16693,
754,Influenza Viruses,United States,,2012-03-18,% Weighted ILI,2.38913,
755,Influenza Viruses,United States,,2012-03-25,% Weighted ILI,1.96466,
756,Influenza Viruses,United States,,2012-04-01,% Weighted ILI,1.84229,
757,Influenza Viruses,United States,,2012-04-08,% Weighted ILI,1.68674,
758,Influenza Viruses,United States,,2012-04-15,% Weighted ILI,1.53136,
759,Influenza Viruses,United States,,2012-04-22,% Weighted ILI,1.37912,
760,Influenza Viruses,United States,,2012-04-29,% Weighted ILI,1.29515,
761,Influenza Viruses,United States,,2012-05-06,% Weighted ILI,1.39521,
762,Influenza Viruses,United States,,2012-05-13,% Weighted ILI,1.32522,
763,Influenza Viruses,United States,,2012-05-20,% Weighted ILI,1.23059,
764,Influenza Viruses,United States,,2012-05-27,% Weighted ILI,1.23028,
765,Influenza Viruses,United States,,2012-06-03,% Weighted ILI,1.26877,
766,Influenza Viruses,United States,,2012-06-10,% Weighted ILI,1.10782,
767,Influenza Viruses,United States,,2012-06-17,% Weighted ILI,1.09559,
768,Influenza Viruses,United States,,2012-06-24,% Weighted ILI,1.11031,
769,Influenza Viruses,United States,,2012-07-01,% Weighted ILI,1.10616,
770,Influenza Viruses,United States,,2012-07-08,% Weighted ILI,1.10816,
771,Influenza Viruses,United States,,2012-07-15,% Weighted ILI,0.999444,
772,Influenza Viruses,United States,,2012-07-22,% Weighted ILI,0.924199,
773,Influenza Viruses,United States,,2012-07-29,% Weighted ILI,0.949257,
774,Influenza Viruses,United States,,2012-08-05,% Weighted ILI,0.978903,
775,Influenza Viruses,United States,,2012-08-12,% Weighted ILI,0.925024,
776,Influenza Viruses,United States,,2012-08-19,% Weighted ILI,0.848456,
777,Influenza Viruses,United States,,2012-08-26,% Weighted ILI,1.04451,
778,Influenza Viruses,United States,,2012-09-02,% Weighted ILI,1.0986,
779,Influenza Viruses,United States,,2012-09-09,% Weighted ILI,1.22071,
780,Influenza Viruses,United States,,2012-09-16,% Weighted ILI,1.24976,
781,Influenza Viruses,United States,,2012-09-23,% Weighted ILI,1.22892,
782,Influenza Viruses,United States,,2012-09-30,% Weighted ILI,1.29393,
783,Influenza Viruses,United States,,2012-10-07,% Weighted ILI,1.23034,
784,Influenza Viruses,United States,,2012-10-14,% Weighted ILI,1.3278,
785,Influenza Viruses,United States,,2012-10-21,% Weighted ILI,1.33995,
786,Influenza Viruses,United States,,2012-10-28,% Weighted ILI,1.37842,
787,Influenza Viruses,United States,,2012-11-04,% Weighted ILI,1.50085,
788,Influenza Viruses,United States,,2012-11-11,% Weighted ILI,1.65163,
789,Influenza Viruses,United States,,2012-11-18,% Weighted ILI,1.76746,
790,Influenza Viruses,United States,,2012-11-25,% Weighted ILI,2.30609,
791,Influenza Viruses,United States,,2012-12-02,% Weighted ILI,2.16324,
792,Influenza Viruses,United States,,2012-12-09,% Weighted ILI,2.83038,
793,Influenza Viruses,United States,,2012-12-16,% Weighted ILI,3.43761,
794,Influenza Viruses,United States,,2012-12-23,% Weighted ILI,4.30554,
795,Influenza Viruses,United States,,2012-12-30,% Weighted ILI,6.06082,
796,Influenza Viruses,United States,,2013-01-13,% Weighted ILI,4.64931,
797,Influenza Viruses,United States,,2013-01-20,% Weighted ILI,4.32584,
798,Influenza Viruses,United States,,2013-01-27,% Weighted ILI,4.51113,
799,Influenza Viruses,United States,,2013-02-03,% Weighted ILI,4.2171,
800,Influenza Viruses,United States,,2013-02-10,% Weighted ILI,3.78956,
801,Influenza Viruses,United States,,2013-02-17,% Weighted ILI,3.29206,
802,Influenza Viruses,United States,,2013-02-24,% Weighted ILI,3.0197,
803,Influenza Viruses,United States,,2013-03-03,% Weighted ILI,2.71499,
804,Influenza Viruses,United States,,2013-03-10,% Weighted ILI,2.4845,
805,Influenza Viruses,United States,,2013-03-17,% Weighted ILI,2.57808,
806,Influenza Viruses,United States,,2013-03-24,% Weighted ILI,2.39237,
807,Influenza Viruses,United States,,2013-03-31,% Weighted ILI,2.06778,
808,Influenza Viruses,United States,,2013-04-07,% Weighted ILI,1.90281,
809,Influenza Viruses,United States,,2013-04-14,% Weighted ILI,1.65902,
810,Influenza Viruses,United States,,2013-04-21,% Weighted ILI,1.43006,
811,Influenza Viruses,United States,,2013-04-28,% Weighted ILI,1.27757,
812,Influenza Viruses,United States,,2013-05-05,% Weighted ILI,1.19009,
813,Influenza Viruses,United States,,2013-05-12,% Weighted ILI,1.09556,
814,Influenza Viruses,United States,,2013-05-19,% Weighted ILI,1.08589,
815,Influenza Viruses,United States,,2013-05-26,% Weighted ILI,1.07343,
816,Influenza Viruses,United States,,2013-06-02,% Weighted ILI,1.01677,
817,Influenza Viruses,United States,,2013-06-09,% Weighted ILI,1.04847,
818,Influenza Viruses,United States,,2013-06-16,% Weighted ILI,0.920349,
819,Influenza Viruses,United States,,2013-06-23,% Weighted ILI,0.920779,
820,Influenza Viruses,United States,,2013-06-30,% Weighted ILI,0.904333,
821,Influenza Viruses,United States,,2013-07-07,% Weighted ILI,0.83057,
822,Influenza Viruses,United States,,2013-07-14,% Weighted ILI,0.862837,
823,Influenza Viruses,United States,,2013-07-21,% Weighted ILI,0.732182,
824,Influenza Viruses,United States,,2013-07-28,% Weighted ILI,0.724558,
825,Influenza Viruses,United States,,2013-08-04,% Weighted ILI,0.740848,
826,Influenza Viruses,United States,,2013-08-11,% Weighted ILI,0.726037,
827,Influenza Viruses,United States,,2013-08-18,% Weighted ILI,0.755639,
828,Influenza Viruses,United States,,2013-08-25,% Weighted ILI,0.761847,
829,Influenza Viruses,United States,,2013-09-01,% Weighted ILI,0.779896,
830,Influenza Viruses,United States,,2013-09-08,% Weighted ILI,0.899138,
831,Influenza Viruses,United States,,2013-09-15,% Weighted ILI,0.999524,
832,Influenza Viruses,United States,,2013-09-22,% Weighted ILI,1.0558,
833,Influenza Viruses,United States,,2013-09-29,% Weighted ILI,1.0967,
834,Influenza Viruses,United States,,2013-10-06,% Weighted ILI,1.24709,
835,Influenza Viruses,United States,,2013-10-13,% Weighted ILI,1.15746,
836,Influenza Viruses,United States,,2013-10-20,% Weighted ILI,1.27184,
837,Influenza Viruses,United States,,2013-10-27,% Weighted ILI,1.31623,
838,Influenza Viruses,United States,,2013-11-03,% Weighted ILI,1.37444,
839,Influenza Viruses,United States,,2013-11-10,% Weighted ILI,1.46781,
840,Influenza Viruses,United States,,2013-11-17,% Weighted ILI,1.5834,
841,Influenza Viruses,United States,,2013-11-24,% Weighted ILI,1.60253,
842,Influenza Viruses,United States,,2013-12-01,% Weighted ILI,1.72344,
843,Influenza Viruses,United States,,2013-12-08,% Weighted ILI,2.11076,
844,Influenza Viruses,United States,,2013-12-15,% Weighted ILI,2.1708,
845,Influenza Viruses,United States,,2013-12-22,% Weighted ILI,2.36971,
846,Influenza Viruses,United States,,2013-12-29,% Weighted ILI,3.15997,
847,Influenza Viruses,United States,,2014-01-05,% Weighted ILI,4.59053,
848,Influenza Viruses,United States,,2014-01-12,% Weighted ILI,4.28195,
849,Influenza Viruses,United States,,2014-01-19,% Weighted ILI,3.56288,
850,Influenza Viruses,United States,,2014-01-26,% Weighted ILI,3.36378,
851,Influenza Viruses,United States,,2014-02-02,% Weighted ILI,3.39659,
852,Influenza Viruses,United States,,2014-02-09,% Weighted ILI,3.11922,
853,Influenza Viruses,United States,,2014-02-16,% Weighted ILI,2.83572,
854,Influenza Viruses,United States,,2014-02-23,% Weighted ILI,2.48484,
855,Influenza Viruses,United States,,2014-03-02,% Weighted ILI,2.2741,
856,Influenza Viruses,United States,,2014-03-09,% Weighted ILI,2.07244,
857,Influenza Viruses,United States,,2014-03-16,% Weighted ILI,1.98207,
858,Influenza Viruses,United States,,2014-03-23,% Weighted ILI,1.82441,
859,Influenza Viruses,United States,,2014-03-30,% Weighted ILI,1.82036,
860,Influenza Viruses,United States,,2014-04-06,% Weighted ILI,1.75391,
861,Influenza Viruses,United States,,2014-04-13,% Weighted ILI,1.74542,
862,Influenza Viruses,United States,,2014-04-20,% Weighted ILI,1.67236,
863,Influenza Viruses,United States,,2014-04-27,% Weighted ILI,1.51659,
864,Influenza Viruses,United States,,2014-05-04,% Weighted ILI,1.44778,
865,Influenza Viruses,United States,,2014-05-11,% Weighted ILI,1.29028,
866,Influenza Viruses,United States,,2014-05-18,% Weighted ILI,1.37388,
867,Influenza Viruses,United States,,2014-05-25,% Weighted ILI,1.34208,
868,Influenza Viruses,United States,,2014-06-01,% Weighted ILI,1.34563,
869,Influenza Viruses,United States,,2014-06-08,% Weighted ILI,1.21291,
870,Influenza Viruses,United States,,2014-06-15,% Weighted ILI,1.19291,
871,Influenza Viruses,United States,,2014-06-22,% Weighted ILI,1.14146,
872,Influenza Viruses,United States,,2014-06-29,% Weighted ILI,1.06503,
873,Influenza Viruses,United States,,2014-07-06,% Weighted ILI,1.12669,
874,Influenza Viruses,United States,,2014-07-13,% Weighted ILI,0.947353,
875,Influenza Viruses,United States,,2014-07-20,% Weighted ILI,0.944187,
876,Influenza Viruses,United States,,2014-07-27,% Weighted ILI,0.934822,
877,Influenza Viruses,United States,,2014-08-03,% Weighted ILI,0.81736,
878,Influenza Viruses,United States,,2014-08-10,% Weighted ILI,0.852792,
879,Influenza Viruses,United States,,2014-08-17,% Weighted ILI,0.746994,
880,Influenza Viruses,United States,,2014-08-24,% Weighted ILI,0.761098,
881,Influenza Viruses,United States,,2014-08-31,% Weighted ILI,0.767627,
882,Influenza Viruses,United States,,2014-09-07,% Weighted ILI,0.862176,
883,Influenza Viruses,United States,,2014-09-14,% Weighted ILI,0.984907,
884,Influenza Viruses,United States,,2014-09-21,% Weighted ILI,1.16287,
885,Influenza Viruses,United States,,2014-09-28,% Weighted ILI,1.22731,
886,Influenza Viruses,United States,,2014-10-05,% Weighted ILI,1.2071,
887,Influenza Viruses,United States,,2014-10-12,% Weighted ILI,1.16191,
888,Influenza Viruses,United States,,2014-10-19,% Weighted ILI,1.30905,
889,Influenza Viruses,United States,,2014-10-26,% Weighted ILI,1.37072,
890,Influenza Viruses,United States,,2014-11-02,% Weighted ILI,1.43373,
891,Influenza Viruses,United States,,2014-11-09,% Weighted ILI,1.42791,
892,Influenza Viruses,United States,,2014-11-16,% Weighted ILI,1.61605,
893,Influenza Viruses,United States,,2014-11-23,% Weighted ILI,1.65976,
894,Influenza Viruses,United States,,2014-11-30,% Weighted ILI,2.05459,
895,Influenza Viruses,United States,,2014-12-07,% Weighted ILI,2.53541,
896,Influenza Viruses,United States,,2014-12-14,% Weighted ILI,2.54253,
897,Influenza Viruses,United States,,2014-12-21,% Weighted ILI,3.60563,
898,Influenza Viruses,United States,,2014-12-28,% Weighted ILI,4.90976,
899,Influenza Viruses,United States,,2015-01-04,% Weighted ILI,5.98221,
900,Influenza Viruses,United States,,2015-01-11,% Weighted ILI,5.47421,
901,Influenza Viruses,United States,,2015-01-11,% Weighted ILI,4.21374,
902,Influenza Viruses,United States,,2015-01-18,% Weighted ILI,4.21022,
903,Influenza Viruses,United States,,2015-01-25,% Weighted ILI,4.25968,
904,Influenza Viruses,United States,,2015-02-01,% Weighted ILI,3.97761,
905,Influenza Viruses,United States,,2015-02-08,% Weighted ILI,3.63443,
906,Influenza Viruses,United States,,2015-02-15,% Weighted ILI,3.26527,
907,Influenza Viruses,United States,,2015-02-22,% Weighted ILI,2.93083,
908,Influenza Viruses,United States,,2015-03-01,% Weighted ILI,2.54474,
909,Influenza Viruses,United States,,2015-03-08,% Weighted ILI,2.47227,
910,Influenza Viruses,United States,,2015-03-15,% Weighted ILI,2.35665,
911,Influenza Viruses,United States,,2015-03-22,% Weighted ILI,2.17008,
912,Influenza Viruses,United States,,2015-03-29,% Weighted ILI,2.04297,
913,Influenza Viruses,United States,,2015-04-05,% Weighted ILI,1.954,
914,Influenza Viruses,United States,,2015-04-12,% Weighted ILI,1.72287,
915,Influenza Viruses,United States,,2015-04-19,% Weighted ILI,1.53694,
916,Influenza Viruses,United States,,2015-04-26,% Weighted ILI,1.38283,
917,Influenza Viruses,United States,,2015-05-03,% Weighted ILI,1.46265,
918,Influenza Viruses,United States,,2015-05-10,% Weighted ILI,1.38934,
919,Influenza Viruses,United States,,2015-05-17,% Weighted ILI,1.3468,
920,Influenza Viruses,United States,,2015-05-24,% Weighted ILI,1.25452,
921,Influenza Viruses,United States,,2015-05-31,% Weighted ILI,1.21636,
922,Influenza Viruses,United States,,2015-06-07,% Weighted ILI,1.16734,
923,Influenza Viruses,United States,,2015-06-14,% Weighted ILI,1.04654,
924,Influenza Viruses,United States,,2015-06-21,% Weighted ILI,0.943661,
925,Influenza Viruses,United States,,2015-06-28,% Weighted ILI,0.935046,
926,Influenza Viruses,United States,,2015-07-05,% Weighted ILI,0.934726,
927,Influenza Viruses,United States,,2015-07-12,% Weighted ILI,0.864118,
928,Influenza Viruses,United States,,2015-07-19,% Weighted ILI,0.806535,
929,Influenza Viruses,United States,,2015-07-26,% Weighted ILI,0.742747,
930,Influenza Viruses,United States,,2015-08-02,% Weighted ILI,0.737859,
931,Influenza Viruses,United States,,2015-08-09,% Weighted ILI,0.743224,
932,Influenza Viruses,United States,,2015-08-16,% Weighted ILI,0.805251,
933,Influenza Viruses,United States,,2015-08-23,% Weighted ILI,0.816943,
934,Influenza Viruses,United States,,2015-08-30,% Weighted ILI,0.814518,
935,Influenza Viruses,United States,,2015-09-06,% Weighted ILI,0.86067,
936,Influenza Viruses,United States,,2015-09-13,% Weighted ILI,0.886704,
937,Influenza Viruses,United States,,2015-09-20,% Weighted ILI,1.00845,
938,Influenza Viruses,United States,,2015-09-27,% Weighted ILI,1.06625,
939,Influenza Viruses,United States,,2015-10-04,% Weighted ILI,1.05995,
940,Influenza Viruses,United States,,2015-10-11,% Weighted ILI,1.22559,
941,Influenza Viruses,United States,,2015-10-18,% Weighted ILI,1.31066,
942,Influenza Viruses,United States,,2015-10-25,% Weighted ILI,1.3711,
943,Influenza Viruses,United States,,2015-11-01,% Weighted ILI,1.39171,
944,Influenza Viruses,United States,,2015-11-08,% Weighted ILI,1.43712,
945,Influenza Viruses,United States,,2015-11-15,% Weighted ILI,1.50165,
946,Influenza Viruses,United States,,2015-11-22,% Weighted ILI,1.59805,
947,Influenza Viruses,United States,,2015-11-29,% Weighted ILI,1.89668,
948,Influenza Viruses,United States,,2015-12-06,% Weighted ILI,1.67728,
949,Influenza Viruses,United States,,2015-12-13,% Weighted ILI,1.78296,
950,Influenza Viruses,United States,,2015-12-20,% Weighted ILI,1.87336,
951,Influenza Viruses,United States,,2015-12-27,% Weighted ILI,2.32148,
952,Influenza Viruses,United States,,2016-01-03,% Weighted ILI,2.40991,
953,Influenza Viruses,United States,,2016-01-10,% Weighted ILI,1.94328,
954,Influenza Viruses,United States,,2016-01-17,% Weighted ILI,1.99796,
955,Influenza Viruses,United States,,2016-01-24,% Weighted ILI,2.11829,
956,Influenza Viruses,United States,,2016-01-31,% Weighted ILI,2.25112,
957,Influenza Viruses,United States,,2016-02-07,% Weighted ILI,2.37116,
958,Influenza Viruses,United States,,2016-02-14,% Weighted ILI,2.80035,
959,Influenza Viruses,United States,,2016-02-21,% Weighted ILI,3.16475,
960,Influenza Viruses,United States,,2016-02-28,% Weighted ILI,3.15183,
961,Influenza Viruses,United States,,2016-03-06,% Weighted ILI,3.3321,
962,Influenza Viruses,United States,,2016-03-13,% Weighted ILI,3.56024,
963,Influenza Viruses,United States,,2016-03-20,% Weighted ILI,3.05479,
964,Influenza Viruses,United States,,2016-03-27,% Weighted ILI,2.76732,
965,Influenza Viruses,United States,,2016-04-03,% Weighted ILI,2.44161,
966,Influenza Viruses,United States,,2016-04-10,% Weighted ILI,2.03348,
967,Influenza Viruses,United States,,2016-04-17,% Weighted ILI,1.98593,
968,Influenza Viruses,United States,,2016-04-24,% Weighted ILI,1.91514,
969,Influenza Viruses,United States,,2016-05-01,% Weighted ILI,1.69968,
970,Influenza Viruses,United States,,2016-05-08,% Weighted ILI,1.57635,
971,Influenza Viruses,United States,,2016-05-15,% Weighted ILI,1.3935,
972,Influenza Viruses,United States,,2016-05-22,% Weighted ILI,1.29941,
973,Influenza Viruses,United States,,2016-05-29,% Weighted ILI,1.18379,
974,Influenza Viruses,United States,,2016-06-05,% Weighted ILI,1.13723,
975,Influenza Viruses,United States,,2016-06-12,% Weighted ILI,1.04118,
976,Influenza Viruses,United States,,2016-06-19,% Weighted ILI,0.971814,
977,Influenza Viruses,United States,,2016-06-26,% Weighted ILI,0.863306,
978,Influenza Viruses,United States,,2016-07-03,% Weighted ILI,0.833797,
979,Influenza Viruses,United States,,2016-07-10,% Weighted ILI,0.784516,
980,Influenza Viruses,United States,,2016-07-17,% Weighted ILI,0.734327,
981,Influenza Viruses,United States,,2016-07-24,% Weighted ILI,0.698845,
982,Influenza Viruses,United States,,2016-07-31,% Weighted ILI,0.723099,
983,Influenza Viruses,United States,,2016-08-07,% Weighted ILI,0.663501,
984,Influenza Viruses,United States,,2016-08-14,% Weighted ILI,0.69276,
985,Influenza Viruses,United States,,2016-08-21,% Weighted ILI,0.710029,
986,Influenza Viruses,United States,,2016-08-28,% Weighted ILI,0.834232,
987,Influenza Viruses,United States,,2016-09-04,% Weighted ILI,0.992621,
988,Influenza Viruses,United States,,2016-09-11,% Weighted ILI,1.01605,
989,Influenza Viruses,United States,,2016-09-18,% Weighted ILI,1.07169,
990,Influenza Viruses,United States,,2016-09-25,% Weighted ILI,1.10163,
991,Influenza Viruses,United States,,2016-10-02,% Weighted ILI,1.18841,
992,Influenza Viruses,United States,,2016-10-09,% Weighted ILI,1.2019,
993,Influenza Viruses,United States,,2016-10-16,% Weighted ILI,1.23108,
994,Influenza Viruses,United States,,2016-10-23,% Weighted ILI,1.26796,
995,Influenza Viruses,United States,,2016-10-30,% Weighted ILI,1.36298,
996,Influenza Viruses,United States,,2016-11-06,% Weighted ILI,1.48535,
997,Influenza Viruses,United States,,2016-11-13,% Weighted ILI,1.55954,
998,Influenza Viruses,United States,,2016-11-20,% Weighted ILI,1.64783,
999,Influenza Viruses,United States,,2016-11-27,% Weighted ILI,1.91275,
1000,Influenza Viruses,United States,,2016-12-04,% Weighted ILI,1.81725,
1001,Influenza Viruses,United States,,2016-12-11,% Weighted ILI,1.91433,
1002,Influenza Viruses,United States,,2016-12-18,% Weighted ILI,2.21003,
1003,Influenza Viruses,United States,,2016-12-25,% Weighted ILI,2.73568,
1004,Influenza Viruses,United States,,2017-01-01,% Weighted ILI,3.36832,
1005,Influenza Viruses,United States,,2017-01-08,% Weighted ILI,3.09689,
1006,Influenza Viruses,United States,,2017-01-15,% Weighted ILI,3.07346,
1007,Influenza Viruses,United States,,2017-01-22,% Weighted ILI,3.51643,
1008,Influenza Viruses,United States,,2017-01-29,% Weighted ILI,3.8027,
1009,Influenza Viruses,United States,,2017-02-05,% Weighted ILI,4.50313,
1010,Influenza Viruses,United States,,2017-02-12,% Weighted ILI,5.06308,
1011,Influenza Viruses,United States,,2017-02-19,% Weighted ILI,4.86009,
1012,Influenza Viruses,United States,,2017-02-26,% Weighted ILI,4.57916,
1013,Influenza Viruses,United States,,2017-03-05,% Weighted ILI,3.55674,
1014,Influenza Viruses,United States,,2017-03-12,% Weighted ILI,3.50417,
1015,Influenza Viruses,United States,,2017-03-19,% Weighted ILI,3.21511,
1016,Influenza Viruses,United States,,2017-03-26,% Weighted ILI,3.10088,
1017,Influenza Viruses,United States,,2017-04-02,% Weighted ILI,2.79056,
1018,Influenza Viruses,United States,,2017-04-09,% Weighted ILI,2.38547,
1019,Influenza Viruses,United States,,2017-04-16,% Weighted ILI,1.9703,
1020,Influenza Viruses,United States,,2017-04-23,% Weighted ILI,1.73442,
1021,Influenza Viruses,United States,,2017-04-30,% Weighted ILI,1.56303,
1022,Influenza Viruses,United States,,2017-05-07,% Weighted ILI,1.4128,
1023,Influenza Viruses,United States,,2017-05-14,% Weighted ILI,1.27492,
1024,Influenza Viruses,United States,,2017-05-21,% Weighted ILI,1.2834,
1025,Influenza Viruses,United States,,2017-05-28,% Weighted ILI,1.16663,
1026,Influenza Viruses,United States,,2017-06-04,% Weighted ILI,1.10977,
1027,Influenza Viruses,United States,,2017-06-11,% Weighted ILI,1.04333,
1028,Influenza Viruses,United States,,2017-06-18,% Weighted ILI,0.905151,
1029,Influenza Viruses,United States,,2017-06-25,% Weighted ILI,0.902718,
1030,Influenza Viruses,United States,,2017-07-02,% Weighted ILI,0.859531,
1031,Influenza Viruses,United States,,2017-07-09,% Weighted ILI,0.818998,
1032,Influenza Viruses,United States,,2017-07-16,% Weighted ILI,0.752505,
1033,Influenza Viruses,United States,,2017-07-23,% Weighted ILI,0.731146,
1034,Influenza Viruses,United States,,2017-07-30,% Weighted ILI,0.733295,
1035,Influenza Viruses,United States,,2017-08-06,% Weighted ILI,0.73102,
1036,Influenza Viruses,United States,,2017-08-13,% Weighted ILI,0.68834,
1037,Influenza Viruses,United States,,2017-08-20,% Weighted ILI,0.732049,
1038,Influenza Viruses,United States,,2017-08-27,% Weighted ILI,0.911188,
1039,Influenza Viruses,United States,,2017-09-03,% Weighted ILI,1.02105,
1040,Influenza Viruses,United States,,2017-09-10,% Weighted ILI,1.09495,
1041,Influenza Viruses,United States,,2017-09-17,% Weighted ILI,1.09475,
1042,Influenza Viruses,United States,,2017-09-24,% Weighted ILI,1.09775,
1043,Influenza Viruses,United States,,2017-10-01,% Weighted ILI,1.18882,
1044,Influenza Viruses,United States,,2017-10-08,% Weighted ILI,1.26682,
1045,Influenza Viruses,United States,,2017-10-15,% Weighted ILI,1.30662,
1046,Influenza Viruses,United States,,2017-10-22,% Weighted ILI,1.34866,
1047,Influenza Viruses,United States,,2017-10-29,% Weighted ILI,1.51871,
1048,Influenza Viruses,United States,,2017-11-05,% Weighted ILI,1.74793,
1049,Influenza Viruses,United States,,2017-11-12,% Weighted ILI,1.87047,
1050,Influenza Viruses,United States,,2017-11-19,% Weighted ILI,2.06674,
1051,Influenza Viruses,United States,,2017-11-26,% Weighted ILI,2.28188,
1052,Influenza Viruses,United States,,2017-12-03,% Weighted ILI,2.28528,
1053,Influenza Viruses,United States,,2017-12-10,% Weighted ILI,2.5848,
1054,Influenza Viruses,United States,,2017-12-17,% Weighted ILI,3.36711,
1055,Influenza Viruses,United States,,2017-12-24,% Weighted ILI,4.71836,
1056,Influenza Viruses,United States,,2017-12-31,% Weighted ILI,5.72036,
1057,Influenza Viruses,United States,,2018-01-07,% Weighted ILI,5.77543,
1058,Influenza Viruses,United States,,2018-01-14,% Weighted ILI,5.9083,
1059,Influenza Viruses,United States,,2018-01-21,% Weighted ILI,6.49095,
1060,Influenza Viruses,United States,,2018-01-28,% Weighted ILI,7.17799,
1061,Influenza Viruses,United States,,2018-02-04,% Weighted ILI,7.52851,
1062,Influenza Viruses,United States,,2018-02-11,% Weighted ILI,7.38424,
1063,Influenza Viruses,United States,,2018-02-18,% Weighted ILI,6.46068,
1064,Influenza Viruses,United States,,2018-02-25,% Weighted ILI,4.95341,
1065,Influenza Viruses,United States,,2018-03-04,% Weighted ILI,3.67274,
1066,Influenza Viruses,United States,,2018-03-11,% Weighted ILI,3.2037,
1067,Influenza Viruses,United States,,2018-03-18,% Weighted ILI,2.78869,
1068,Influenza Viruses,United States,,2018-03-25,% Weighted ILI,2.50234,
1069,Influenza Viruses,United States,,2018-04-01,% Weighted ILI,2.41065,
1070,Influenza Viruses,United States,,2018-04-08,% Weighted ILI,2.07542,
1071,Influenza Viruses,United States,,2018-04-15,% Weighted ILI,1.78234,
1072,Influenza Viruses,United States,,2018-04-22,% Weighted ILI,1.61608,
1073,Influenza Viruses,United States,,2018-04-29,% Weighted ILI,1.53992,
1074,Influenza Viruses,United States,,2018-05-06,% Weighted ILI,1.53115,
1075,Influenza Viruses,United States,,2018-05-13,% Weighted ILI,1.29599,
1076,Influenza Viruses,United States,,2018-05-20,% Weighted ILI,1.18904,
1077,Influenza Viruses,United States,,2018-05-27,% Weighted ILI,1.24941,
1078,Influenza Viruses,United States,,2018-06-03,% Weighted ILI,1.14134,
1079,Influenza Viruses,United States,,2018-06-10,% Weighted ILI,0.988567,
1080,Influenza Viruses,United States,,2018-06-17,% Weighted ILI,0.895433,
1081,Influenza Viruses,United States,,2018-06-24,% Weighted ILI,0.892227,
1082,Influenza Viruses,United States,,2018-07-01,% Weighted ILI,0.877636,
1083,Influenza Viruses,United States,,2018-07-08,% Weighted ILI,0.77502,
1084,Influenza Viruses,United States,,2018-07-15,% Weighted ILI,0.725956,
1085,Influenza Viruses,United States,,2018-07-22,% Weighted ILI,0.68266,
1086,Influenza Viruses,United States,,2018-07-29,% Weighted ILI,0.640527,
1087,Influenza Viruses,United States,,2018-08-05,% Weighted ILI,0.64106,
1088,Influenza Viruses,United States,,2018-08-12,% Weighted ILI,0.706465,
1089,Influenza Viruses,United States,,2018-08-19,% Weighted ILI,0.708668,
1090,Influenza Viruses,United States,,2018-08-26,% Weighted ILI,0.825743,
1091,Influenza Viruses,United States,,2018-09-02,% Weighted ILI,0.864409,
1092,Influenza Viruses,United States,,2018-09-09,% Weighted ILI,1.10114,
1093,Influenza Viruses,United States,,2018-09-16,% Weighted ILI,1.15244,
1094,Influenza Viruses,United States,,2018-09-23,% Weighted ILI,1.20257,
1095,Influenza Viruses,United States,,2018-09-30,% Weighted ILI,1.25033,
1096,Influenza Viruses,United States,,2018-10-07,% Weighted ILI,1.41846,
1097,Influenza Viruses,United States,,2018-10-14,% Weighted ILI,1.40418,
1098,Influenza Viruses,United States,,2018-10-21,% Weighted ILI,1.47401,
1099,Influenza Viruses,United States,,2018-10-28,% Weighted ILI,1.64257,
1100,Influenza Viruses,United States,,2018-11-04,% Weighted ILI,1.79275,
1101,Influenza Viruses,United States,,2018-11-11,% Weighted ILI,1.87043,
1102,Influenza Viruses,United States,,2018-11-18,% Weighted ILI,1.98387,
1103,Influenza Viruses,United States,,2018-11-25,% Weighted ILI,2.24169,
1104,Influenza Viruses,United States,,2018-12-02,% Weighted ILI,2.14883,
1105,Influenza Viruses,United States,,2018-12-09,% Weighted ILI,2.25531,
1106,Influenza Viruses,United States,,2018-12-16,% Weighted ILI,2.64571,
1107,Influenza Viruses,United States,,2018-12-23,% Weighted ILI,3.14075,
1108,Influenza Viruses,United States,,2018-12-30,% Weighted ILI,3.97127,
1109,Influenza Viruses,United States,,2019-01-13,% Weighted ILI,3.46125,
1110,Influenza Viruses,United States,,2019-01-20,% Weighted ILI,3.07707,
1111,Influenza Viruses,United States,,2019-01-27,% Weighted ILI,3.32915,
1112,Influenza Viruses,United States,,2019-02-03,% Weighted ILI,3.81999,
1113,Influenza Viruses,United States,,2019-02-10,% Weighted ILI,4.3419,
1114,Influenza Viruses,United States,,2019-02-17,% Weighted ILI,4.88288,
1115,Influenza Viruses,United States,,2019-02-24,% Weighted ILI,5.04211,
1116,Influenza Viruses,United States,,2019-03-03,% Weighted ILI,4.88596,
1117,Influenza Viruses,United States,,2019-03-10,% Weighted ILI,4.5499,
1118,Influenza Viruses,United States,,2019-03-17,% Weighted ILI,4.38001,
1119,Influenza Viruses,United States,,2019-03-24,% Weighted ILI,4.2288,
1120,Influenza Viruses,United States,,2019-03-31,% Weighted ILI,3.68449,
1121,Influenza Viruses,United States,,2019-04-07,% Weighted ILI,3.08744,
1122,Influenza Viruses,United States,,2019-04-14,% Weighted ILI,2.69971,
1123,Influenza Viruses,United States,,2019-04-21,% Weighted ILI,2.28549,
1124,Influenza Viruses,United States,,2019-04-28,% Weighted ILI,2.01443,
1125,Influenza Viruses,United States,,2019-05-05,% Weighted ILI,1.7141,
1126,Influenza Viruses,United States,,2019-05-12,% Weighted ILI,1.56927,
1127,Influenza Viruses,United States,,2019-05-19,% Weighted ILI,1.49991,
1128,Influenza Viruses,United States,,2019-05-26,% Weighted ILI,1.50211,
1129,Influenza Viruses,United States,,2019-06-02,% Weighted ILI,1.42357,
1130,Influenza Viruses,United States,,2019-06-09,% Weighted ILI,1.39457,
1131,Influenza Viruses,United States,,2019-06-16,% Weighted ILI,1.21776,
1132,Influenza Viruses,United States,,2019-06-23,% Weighted ILI,1.11351,
1133,Influenza Viruses,United States,,2019-06-30,% Weighted ILI,0.992293,
1134,Influenza Viruses,United States,,2019-07-07,% Weighted ILI,0.947072,
1135,Influenza Viruses,United States,,2019-07-14,% Weighted ILI,0.876088,
1136,Influenza Viruses,United States,,2019-07-21,% Weighted ILI,0.809956,
1137,Influenza Viruses,United States,,2019-07-28,% Weighted ILI,0.755431,
1138,Influenza Viruses,United States,,2019-08-04,% Weighted ILI,0.73346,
1139,Influenza Viruses,United States,,2019-08-11,% Weighted ILI,0.72729,
1140,Influenza Viruses,United States,,2019-08-18,% Weighted ILI,0.754637,
1141,Influenza Viruses,United States,,2019-08-25,% Weighted ILI,0.730938,
1142,Influenza Viruses,United States,,2019-09-01,% Weighted ILI,0.840615,
1143,Influenza Viruses,United States,,2019-09-08,% Weighted ILI,0.989217,
1144,Influenza Viruses,United States,,2019-09-15,% Weighted ILI,1.14059,
1145,Influenza Viruses,United States,,2019-09-22,% Weighted ILI,1.23272,
1146,Influenza Viruses,United States,,2019-09-29,% Weighted ILI,1.24529,
1147,Influenza Viruses,United States,,2019-10-06,% Weighted ILI,1.33771,
1148,Influenza Viruses,United States,,2019-10-13,% Weighted ILI,1.49064,
1149,Influenza Viruses,United States,,2019-10-20,% Weighted ILI,1.59269,
1150,Influenza Viruses,United States,,2019-10-27,% Weighted ILI,1.72517,
1151,Influenza Viruses,United States,,2019-11-03,% Weighted ILI,1.83428,
1152,Influenza Viruses,United States,,2019-11-10,% Weighted ILI,2.04049,
1153,Influenza Viruses,United States,,2019-11-17,% Weighted ILI,2.39351,
1154,Influenza Viruses,United States,,2019-11-24,% Weighted ILI,2.63245,
1155,Influenza Viruses,United States,,2019-12-01,% Weighted ILI,2.91944,
1156,Influenza Viruses,United States,,2019-12-08,% Weighted ILI,3.41066,
1157,Influenza Viruses,United States,,2019-12-15,% Weighted ILI,3.2622,
1158,Influenza Viruses,United States,,2019-12-22,% Weighted ILI,3.94308,
1159,Influenza Viruses,United States,,2019-12-29,% Weighted ILI,5.06529,
1160,Influenza Viruses,United States,,2020-01-05,% Weighted ILI,7.06161,
1161,Influenza Viruses,United States,,2020-01-12,% Weighted ILI,5.91974,
1162,Influenza Viruses,United States,,2020-01-19,% Weighted ILI,4.94176,
1163,Influenza Viruses,United States,,2020-01-26,% Weighted ILI,5.33174,
1164,Influenza Viruses,United States,,2020-02-02,% Weighted ILI,6.08106,
1165,Influenza Viruses,United States,,2020-02-09,% Weighted ILI,6.74724,
1166,Influenza Viruses,United States,,2020-02-16,% Weighted ILI,6.7998,
1167,Influenza Viruses,United States,,2020-02-23,% Weighted ILI,6.11292,
1168,Influenza Viruses,United States,,2020-03-01,% Weighted ILI,5.55671,
1169,Influenza Viruses,United States,,2020-03-08,% Weighted ILI,5.12279,
1170,Influenza Viruses,United States,,2020-03-15,% Weighted ILI,5.26652,
1171,Influenza Viruses,United States,,2020-03-22,% Weighted ILI,5.67081,
1172,Influenza Viruses,United States,,2020-03-29,% Weighted ILI,6.38029,
1173,Influenza Viruses,United States,,2020-04-05,% Weighted ILI,4.91692,
1174,Influenza Viruses,United States,,2020-04-12,% Weighted ILI,3.78625,
1175,Influenza Viruses,United States,,2020-04-19,% Weighted ILI,2.80122,
1176,Influenza Viruses,United States,,2020-04-26,% Weighted ILI,2.12879,
1177,Influenza Viruses,United States,,2020-05-03,% Weighted ILI,1.73315,
1178,Influenza Viruses,United States,,2020-05-10,% Weighted ILI,1.40932,
1179,Influenza Viruses,United States,,2020-05-17,% Weighted ILI,1.18336,
1180,Influenza Viruses,United States,,2020-05-24,% Weighted ILI,1.11451,
1181,Influenza Viruses,United States,,2020-05-31,% Weighted ILI,1.00534,
1182,Influenza Viruses,United States,,2020-06-07,% Weighted ILI,0.88827,
1183,Influenza Viruses,United States,,2020-06-14,% Weighted ILI,0.814062,
1184,Influenza Viruses,United States,,2020-06-21,% Weighted ILI,0.836751,
1185,Influenza Viruses,United States,,2020-06-28,% Weighted ILI,0.928456,
1186,Influenza Viruses,United States,,2020-07-05,% Weighted ILI,1.14217,
1187,Influenza Viruses,United States,,2020-07-12,% Weighted ILI,1.27401,
1188,Influenza Viruses,United States,,2020-07-19,% Weighted ILI,1.34951,
1189,Influenza Viruses,United States,,2020-07-26,% Weighted ILI,1.34471,
1190,Influenza Viruses,United States,,2020-08-02,% Weighted ILI,1.22153,
1191,Influenza Viruses,United States,,2020-08-09,% Weighted ILI,1.15258,
1192,Influenza Viruses,United States,,2020-08-16,% Weighted ILI,1.0626,
1193,Influenza Viruses,United States,,2020-08-23,% Weighted ILI,0.979884,
1194,Influenza Viruses,United States,,2020-08-30,% Weighted ILI,0.969202,
1195,Influenza Viruses,United States,,2020-09-06,% Weighted ILI,1.00022,
1196,Influenza Viruses,United States,,2020-09-13,% Weighted ILI,0.920817,
1197,Influenza Viruses,United States,,2020-09-20,% Weighted ILI,1.0355,
1198,Influenza Viruses,United States,,2020-09-27,% Weighted ILI,0.974333,
1199,Influenza Viruses,United States,,2020-10-04,% Weighted ILI,1.06462,
1200,Influenza Viruses,United States,,2020-10-11,% Weighted ILI,1.09211,
1201,Influenza Viruses,United States,,2020-10-18,% Weighted ILI,1.21201,
1202,Influenza Viruses,United States,,2020-10-25,% Weighted ILI,1.11151,
1203,Influenza Viruses,United States,,2020-11-01,% Weighted ILI,1.18662,
1204,Influenza Viruses,United States,,2020-11-08,% Weighted ILI,1.25262,
1205,Influenza Viruses,United States,,2020-11-15,% Weighted ILI,1.44427,
1206,Influenza Viruses,United States,,2020-11-22,% Weighted ILI,1.48969,
1207,Influenza Viruses,United States,,2020-11-29,% Weighted ILI,1.56064,
1208,Influenza Viruses,United States,,2020-12-06,% Weighted ILI,1.61944,
1209,Influenza Viruses,United States,,2020-12-13,% Weighted ILI,1.57347,
1210,Influenza Viruses,United States,,2020-12-20,% Weighted ILI,1.51939,
1211,Influenza Viruses,United States,,2020-12-27,% Weighted ILI,1.50599,
1212,Influenza Viruses,United States,,2021-01-03,% Weighted ILI,1.55485,
1213,Influenza Viruses,United States,,2021-01-10,% Weighted ILI,1.58903,
1214,Influenza Viruses,United States,,2021-01-10,% Weighted ILI,1.47519,
1215,Influenza Viruses,United States,,2021-01-17,% Weighted ILI,1.28752,
1216,Influenza Viruses,United States,,2021-01-24,% Weighted ILI,1.25172,
1217,Influenza Viruses,United States,,2021-01-31,% Weighted ILI,1.10177,
1218,Influenza Viruses,United States,,2021-02-07,% Weighted ILI,1.16565,
1219,Influenza Viruses,United States,,2021-02-14,% Weighted ILI,1.00609,
1220,Influenza Viruses,United States,,2021-02-21,% Weighted ILI,0.986101,
1221,Influenza Viruses,United States,,2021-02-28,% Weighted ILI,0.864388,
1222,Influenza Viruses,United States,,2021-03-07,% Weighted ILI,0.828056,
1223,Influenza Viruses,United States,,2021-03-14,% Weighted ILI,0.882103,
1224,Influenza Viruses,United States,,2021-03-21,% Weighted ILI,0.908033,
1225,Influenza Viruses,United States,,2021-03-28,% Weighted ILI,0.947577,
1226,Influenza Viruses,United States,,2021-04-04,% Weighted ILI,0.975225,
1227,Influenza Viruses,United States,,2021-04-11,% Weighted ILI,1.06101,
1228,Influenza Viruses,United States,,2021-04-18,% Weighted ILI,1.08091,
1229,Influenza Viruses,United States,,2021-04-25,% Weighted ILI,1.10326,
1230,Influenza Viruses,United States,,2021-05-02,% Weighted ILI,1.13361,
1231,Influenza Viruses,United States,,2021-05-09,% Weighted ILI,1.14992,
1232,Influenza Viruses,United States,,2021-05-16,% Weighted ILI,1.19092,
1233,Influenza Viruses,United States,,2021-05-23,% Weighted ILI,1.24677,
1234,Influenza Viruses,United States,,2021-05-30,% Weighted ILI,1.14504,
1235,Influenza Viruses,United States,,2021-06-06,% Weighted ILI,1.18454,
1236,Influenza Viruses,United States,,2021-06-13,% Weighted ILI,1.12943,
1237,Influenza Viruses,United States,,2021-06-20,% Weighted ILI,1.18866,
1238,Influenza Viruses,United States,,2021-06-27,% Weighted ILI,1.21202,
1239,Influenza Viruses,United States,,2021-07-04,% Weighted ILI,1.21342,
1240,Influenza Viruses,United States,,2021-07-11,% Weighted ILI,1.26676,
1241,Influenza Viruses,United States,,2021-07-18,% Weighted ILI,1.38728,
1242,Influenza Viruses,United States,,2021-07-25,% Weighted ILI,1.6475,
1243,Influenza Viruses,United States,,2021-08-01,% Weighted ILI,1.80199,
1244,Influenza Viruses,United States,,2021-08-08,% Weighted ILI,1.94952,
1245,Influenza Viruses,United States,,2021-08-15,% Weighted ILI,2.03548,
1246,Influenza Viruses,United States,,2021-08-22,% Weighted ILI,2.1918,
1247,Influenza Viruses,United States,,2021-08-29,% Weighted ILI,2.23897,
1248,Influenza Viruses,United States,,2021-09-05,% Weighted ILI,2.26643,
1249,Influenza Viruses,United States,,2021-09-12,% Weighted ILI,2.21298,
1250,Influenza Viruses,United States,,2021-09-19,% Weighted ILI,2.045,
1251,Influenza Viruses,United States,,2021-09-26,% Weighted ILI,1.90124,
1252,Influenza Viruses,United States,,2021-10-03,% Weighted ILI,1.8442,
1253,Influenza Viruses,United States,,2021-10-10,% Weighted ILI,2.03726,
1254,Influenza Viruses,United States,,2021-10-17,% Weighted ILI,1.94864,
1255,Influenza Viruses,United States,,2021-10-24,% Weighted ILI,1.92538,
1256,Influenza Viruses,United States,,2021-10-31,% Weighted ILI,1.9789,
1257,Influenza Viruses,United States,,2021-11-07,% Weighted ILI,2.1334,
1258,Influenza Viruses,United States,,2021-11-14,% Weighted ILI,2.25788,
1259,Influenza Viruses,United States,,2021-11-21,% Weighted ILI,2.41079,
1260,Influenza Viruses,United States,,2021-11-28,% Weighted ILI,2.51762,
1261,Influenza Viruses,United States,,2021-12-05,% Weighted ILI,2.55244,
1262,Influenza Viruses,United States,,2021-12-12,% Weighted ILI,2.72476,
1263,Influenza Viruses,United States,,2021-12-19,% Weighted ILI,3.14645,
1264,Influenza Viruses,United States,,2021-12-26,% Weighted ILI,4.00686,
1265,Influenza Viruses,United States,,2022-01-02,% Weighted ILI,4.90468,
1266,Influenza Viruses,United States,,2022-01-09,% Weighted ILI,4.32906,
1267,Influenza Viruses,United States,,2022-01-16,% Weighted ILI,3.5344,
1268,Influenza Viruses,United States,,2022-01-23,% Weighted ILI,2.82024,
1269,Influenza Viruses,United States,,2022-01-30,% Weighted ILI,2.06558,
1270,Influenza Viruses,United States,,2022-02-06,% Weighted ILI,1.68092,
1271,Influenza Viruses,United States,,2022-02-13,% Weighted ILI,1.44022,
1272,Influenza Viruses,United States,,2022-02-20,% Weighted ILI,1.48974,
1273,Influenza Viruses,United States,,2022-02-27,% Weighted ILI,1.46266,
1274,Influenza Viruses,United States,,2022-03-06,% Weighted ILI,1.58728,
1275,Influenza Viruses,United States,,2022-03-13,% Weighted ILI,1.70339,
1276,Influenza Viruses,United States,,2022-03-20,% Weighted ILI,1.83335,
1277,Influenza Viruses,United States,,2022-03-27,% Weighted ILI,1.87057,
1278,Influenza Viruses,United States,,2022-04-03,% Weighted ILI,1.97612,
1279,Influenza Viruses,United States,,2022-04-10,% Weighted ILI,2.07126,
1280,Influenza Viruses,United States,,2022-04-17,% Weighted ILI,2.16302,
1281,Influenza Viruses,United States,,2022-04-24,% Weighted ILI,2.20418,
1282,Influenza Viruses,United States,,2022-05-01,% Weighted ILI,2.24681,
1283,Influenza Viruses,United States,,2022-05-08,% Weighted ILI,2.3613,
1284,Influenza Viruses,United States,,2022-05-15,% Weighted ILI,2.48314,
1285,Influenza Viruses,United States,,2022-05-22,% Weighted ILI,2.45354,
1286,Influenza Viruses,United States,,2022-05-29,% Weighted ILI,2.39624,
1287,Influenza Viruses,United States,,2022-06-05,% Weighted ILI,2.4335,
1288,Influenza Viruses,United States,,2022-06-12,% Weighted ILI,2.16334,
1289,Influenza Viruses,United States,,2022-06-19,% Weighted ILI,1.98842,
1290,Influenza Viruses,United States,,2022-06-26,% Weighted ILI,1.87678,
1291,Influenza Viruses,United States,,2022-07-03,% Weighted ILI,1.80274,
1292,Influenza Viruses,United States,,2022-07-10,% Weighted ILI,1.81978,
1293,Influenza Viruses,United States,,2022-07-17,% Weighted ILI,1.67886,
1294,Influenza Viruses,United States,,2022-07-24,% Weighted ILI,1.65939,
1295,Influenza Viruses,United States,,2022-07-31,% Weighted ILI,1.67083,
1296,Influenza Viruses,United States,,2022-08-07,% Weighted ILI,1.52259,
1297,Influenza Viruses,United States,,2022-08-14,% Weighted ILI,1.50755,
1298,Influenza Viruses,United States,,2022-08-21,% Weighted ILI,1.60507,
1299,Influenza Viruses,United States,,2022-08-28,% Weighted ILI,1.83793,
1300,Influenza Viruses,United States,,2022-09-04,% Weighted ILI,1.96433,
1301,Influenza Viruses,United States,,2022-09-11,% Weighted ILI,2.02422,
1302,Influenza Viruses,United States,,2022-09-18,% Weighted ILI,2.0351,
1303,Influenza Viruses,United States,,2022-09-25,% Weighted ILI,2.28352,
1304,Influenza Viruses,United States,,2022-10-02,% Weighted ILI,2.36029,
1305,Influenza Viruses,United States,,2022-10-09,% Weighted ILI,2.61626,
1306,Influenza Viruses,United States,,2022-10-16,% Weighted ILI,2.97131,
1307,Influenza Viruses,United States,,2022-10-23,% Weighted ILI,3.33912,
1308,Influenza Viruses,United States,,2022-10-30,% Weighted ILI,4.4125,
1309,Influenza Viruses,United States,,2022-11-06,% Weighted ILI,5.46365,
1310,Influenza Viruses,United States,,2022-11-13,% Weighted ILI,5.77847,
1311,Influenza Viruses,United States,,2022-11-20,% Weighted ILI,5.95934,
1312,Influenza Viruses,United States,,2022-11-27,% Weighted ILI,7.47223,
1313,Influenza Viruses,United States,,2022-12-04,% Weighted ILI,7.23199,
1314,Influenza Viruses,United States,,2022-12-11,% Weighted ILI,6.83646,
1315,Influenza Viruses,United States,,2022-12-18,% Weighted ILI,6.32896,
1316,Influenza Viruses,United States,,2022-12-25,% Weighted ILI,5.9792,
1317,Influenza Viruses,United States,,2023-01-01,% Weighted ILI,5.33984,
1318,Influenza Viruses,United States,,2023-01-08,% Weighted ILI,3.94979,
1319,Influenza Viruses,United States,,2023-01-15,% Weighted ILI,2.95675,
1320,Influenza Viruses,United States,,2023-01-22,% Weighted ILI,2.64703,
1321,Influenza Viruses,United States,,2023-01-29,% Weighted ILI,2.63487,
1322,Influenza Viruses,United States,,2023-02-05,% Weighted ILI,2.59035,
1323,Influenza Viruses,United States,,2023-02-12,% Weighted ILI,2.60052,
1324,Influenza Viruses,United States,,2023-02-19,% Weighted ILI,2.57585,
1325,Influenza Viruses,United States,,2023-02-26,% Weighted ILI,2.53578,
1326,Influenza Viruses,United States,,2023-03-05,% Weighted ILI,2.41349,
1327,Influenza Viruses,United States,,2023-03-12,% Weighted ILI,2.3627,
1328,Influenza Viruses,United States,,2023-03-19,% Weighted ILI,2.35714,
1329,Influenza Viruses,United States,,2023-03-26,% Weighted ILI,2.31602,
1330,Influenza Viruses,United States,,2023-04-02,% Weighted ILI,2.26249,
1331,Influenza Viruses,United States,,2023-04-09,% Weighted ILI,2.13732,
1332,Influenza Viruses,United States,,2023-04-16,% Weighted ILI,2.02061,
1333,Influenza Viruses,United States,,2023-04-23,% Weighted ILI,1.92049,
1334,Influenza Viruses,United States,,2023-04-30,% Weighted ILI,1.91515,
1335,Influenza Viruses,United States,,2023-05-07,% Weighted ILI,1.96112,
1336,Influenza Viruses,United States,,2023-05-14,% Weighted ILI,1.92616,
1337,Influenza Viruses,United States,,2023-05-21,% Weighted ILI,1.89005,
1338,Influenza Viruses,United States,,2023-05-28,% Weighted ILI,1.84268,
1339,Influenza Viruses,United States,,2023-06-04,% Weighted ILI,1.85899,
1340,Influenza Viruses,United States,,2023-06-11,% Weighted ILI,1.58817,
1341,Influenza Viruses,United States,,2023-06-18,% Weighted ILI,1.49711,
1342,Influenza Viruses,United States,,2023-06-25,% Weighted ILI,1.37277,
1343,Influenza Viruses,United States,,2023-07-02,% Weighted ILI,1.28216,
1344,Influenza Viruses,United States,,2023-07-09,% Weighted ILI,1.23907,
1345,Influenza Viruses,United States,,2023-07-16,% Weighted ILI,1.16642,
1346,Influenza Viruses,United States,,2023-07-23,% Weighted ILI,1.12795,
