Microbe Family,Microbe Genus,Microbe Species,Region,Country,State/City,date,type,number
Filoviridae,Ebolavirus,Ebola Virus/ Sudan Virus/ Tai Forest Virus/ Bundibugyo Virus,AFRO, Sierra Leone,None,2014-03-25,CumCases,0
Filoviridae,Ebolavirus,Ebola Virus/ Sudan Virus/ Tai Forest Virus/ Bundibugyo Virus,AFRO, Sierra Leone,None,2014-03-26,CumCases,0
Filoviridae,Ebolavirus,Ebola Virus/ Sudan Virus/ Tai Forest Virus/ Bundibugyo Virus,AFRO, Sierra Leone,None,2014-03-27,CumCases,6
Filoviridae,Ebolavirus,Ebola Virus/ Sudan Virus/ Tai Forest Virus/ Bundibugyo Virus,AFRO, Sierra Leone,None,2014-03-31,CumCases,0
Filoviridae,Ebolavirus,Ebola Virus/ Sudan Virus/ Tai Forest Virus/ Bundibugyo Virus,AFRO, Sierra Leone,None,2014-04-01,CumCases,0
Filoviridae,Ebolavirus,Ebola Virus/ Sudan Virus/ Tai Forest Virus/ Bundibugyo Virus,AFRO, Sierra Leone,None,2014-04-02,CumCases,0
Filoviridae,Ebolavirus,Ebola Virus/ Sudan Virus/ Tai Forest Virus/ Bundibugyo Virus,AFRO, Sierra Leone,None,2014-04-07,CumCases,0
Filoviridae,Ebolavirus,Ebola Virus/ Sudan Virus/ Tai Forest Virus/ Bundibugyo Virus,AFRO, Sierra Leone,None,2014-04-10,CumCases,0
Filoviridae,Ebolavirus,Ebola Virus/ Sudan Virus/ Tai Forest Virus/ Bundibugyo Virus,AFRO, Sierra Leone,None,2014-04-17,CumCases,0
Filoviridae,Ebolavirus,Ebola Virus/ Sudan Virus/ Tai Forest Virus/ Bundibugyo Virus,AFRO, Sierra Leone,None,2014-04-21,CumCases,0
Filoviridae,Ebolavirus,Ebola Virus/ Sudan Virus/ Tai Forest Virus/ Bundibugyo Virus,AFRO, Sierra Leone,None,2014-04-23,CumCases,0
Filoviridae,Ebolavirus,Ebola Virus/ Sudan Virus/ Tai Forest Virus/ Bundibugyo Virus,AFRO, Sierra Leone,None,2014-04-30,CumCases,0
Filoviridae,Ebolavirus,Ebola Virus/ Sudan Virus/ Tai Forest Virus/ Bundibugyo Virus,AFRO, Sierra Leone,None,2014-05-05,CumCases,0
Filoviridae,Ebolavirus,Ebola Virus/ Sudan Virus/ Tai Forest Virus/ Bundibugyo Virus,AFRO, Sierra Leone,None,2014-05-14,CumCases,0
Filoviridae,Ebolavirus,Ebola Virus/ Sudan Virus/ Tai Forest Virus/ Bundibugyo Virus,AFRO, Sierra Leone,None,2014-05-23,CumCases,0
Filoviridae,Ebolavirus,Ebola Virus/ Sudan Virus/ Tai Forest Virus/ Bundibugyo Virus,AFRO, Sierra Leone,None,2014-05-27,CumCases,1
Filoviridae,Ebolavirus,Ebola Virus/ Sudan Virus/ Tai Forest Virus/ Bundibugyo Virus,AFRO, Sierra Leone,None,2014-05-28,CumCases,16
Filoviridae,Ebolavirus,Ebola Virus/ Sudan Virus/ Tai Forest Virus/ Bundibugyo Virus,AFRO, Sierra Leone,None,2014-06-02,CumCases,50
Filoviridae,Ebolavirus,Ebola Virus/ Sudan Virus/ Tai Forest Virus/ Bundibugyo Virus,AFRO, Sierra Leone,None,2014-06-05,CumCases,81
Filoviridae,Ebolavirus,Ebola Virus/ Sudan Virus/ Tai Forest Virus/ Bundibugyo Virus,AFRO, Sierra Leone,None,2014-06-10,CumCases,89
Filoviridae,Ebolavirus,Ebola Virus/ Sudan Virus/ Tai Forest Virus/ Bundibugyo Virus,AFRO, Sierra Leone,None,2014-06-11,CumCases,117
Filoviridae,Ebolavirus,Ebola Virus/ Sudan Virus/ Tai Forest Virus/ Bundibugyo Virus,AFRO, Sierra Leone,None,2014-06-18,CumCases,97
Filoviridae,Ebolavirus,Ebola Virus/ Sudan Virus/ Tai Forest Virus/ Bundibugyo Virus,AFRO, Sierra Leone,None,2014-06-24,CumCases,158
Filoviridae,Ebolavirus,Ebola Virus/ Sudan Virus/ Tai Forest Virus/ Bundibugyo Virus,AFRO, Sierra Leone,None,2014-07-02,CumCases,239
Filoviridae,Ebolavirus,Ebola Virus/ Sudan Virus/ Tai Forest Virus/ Bundibugyo Virus,AFRO, Sierra Leone,None,2014-07-07,CumCases,252
Filoviridae,Ebolavirus,Ebola Virus/ Sudan Virus/ Tai Forest Virus/ Bundibugyo Virus,AFRO, Sierra Leone,None,2014-07-08,CumCases,305
Filoviridae,Ebolavirus,Ebola Virus/ Sudan Virus/ Tai Forest Virus/ Bundibugyo Virus,AFRO, Sierra Leone,None,2014-07-14,CumCases,337
Filoviridae,Ebolavirus,Ebola Virus/ Sudan Virus/ Tai Forest Virus/ Bundibugyo Virus,AFRO, Sierra Leone,None,2014-07-16,CumCases,386
Filoviridae,Ebolavirus,Ebola Virus/ Sudan Virus/ Tai Forest Virus/ Bundibugyo Virus,AFRO, Sierra Leone,None,2014-07-21,CumCases,442
Filoviridae,Ebolavirus,Ebola Virus/ Sudan Virus/ Tai Forest Virus/ Bundibugyo Virus,AFRO, Sierra Leone,None,2014-07-24,CumCases,454
Filoviridae,Ebolavirus,Ebola Virus/ Sudan Virus/ Tai Forest Virus/ Bundibugyo Virus,AFRO, Sierra Leone,None,2014-07-28,CumCases,525
Filoviridae,Ebolavirus,Ebola Virus/ Sudan Virus/ Tai Forest Virus/ Bundibugyo Virus,AFRO, Sierra Leone,None,2014-07-31,CumCases,533
Filoviridae,Ebolavirus,Ebola Virus/ Sudan Virus/ Tai Forest Virus/ Bundibugyo Virus,AFRO, Sierra Leone,None,2014-08-03,CumCases,574
Filoviridae,Ebolavirus,Ebola Virus/ Sudan Virus/ Tai Forest Virus/ Bundibugyo Virus,AFRO, Sierra Leone,None,2014-08-04,CumCases,646
Filoviridae,Ebolavirus,Ebola Virus/ Sudan Virus/ Tai Forest Virus/ Bundibugyo Virus,AFRO, Sierra Leone,None,2014-08-08,CumCases,717
Filoviridae,Ebolavirus,Ebola Virus/ Sudan Virus/ Tai Forest Virus/ Bundibugyo Virus,AFRO, Sierra Leone,None,2014-08-12,CumCases,730
Filoviridae,Ebolavirus,Ebola Virus/ Sudan Virus/ Tai Forest Virus/ Bundibugyo Virus,AFRO, Sierra Leone,None,2014-08-13,CumCases,783
Filoviridae,Ebolavirus,Ebola Virus/ Sudan Virus/ Tai Forest Virus/ Bundibugyo Virus,AFRO, Sierra Leone,None,2014-08-15,CumCases,810
Filoviridae,Ebolavirus,Ebola Virus/ Sudan Virus/ Tai Forest Virus/ Bundibugyo Virus,AFRO, Sierra Leone,None,2014-08-19,CumCases,848
Filoviridae,Ebolavirus,Ebola Virus/ Sudan Virus/ Tai Forest Virus/ Bundibugyo Virus,AFRO, Sierra Leone,None,2014-08-21,CumCases,907
Filoviridae,Ebolavirus,Ebola Virus/ Sudan Virus/ Tai Forest Virus/ Bundibugyo Virus,AFRO, Sierra Leone,None,2014-08-22,CumCases,910
Filoviridae,Ebolavirus,Ebola Virus/ Sudan Virus/ Tai Forest Virus/ Bundibugyo Virus,AFRO, Sierra Leone,None,2014-08-28,CumCases,1026
Filoviridae,Ebolavirus,Ebola Virus/ Sudan Virus/ Tai Forest Virus/ Bundibugyo Virus,AFRO, Sierra Leone,None,2014-09-06,CumCases,1261
Filoviridae,Ebolavirus,Ebola Virus/ Sudan Virus/ Tai Forest Virus/ Bundibugyo Virus,AFRO, Sierra Leone,None,2014-09-08,CumCases,1361
Filoviridae,Ebolavirus,Ebola Virus/ Sudan Virus/ Tai Forest Virus/ Bundibugyo Virus,AFRO, Sierra Leone,None,2014-09-12,CumCases,1424
Filoviridae,Ebolavirus,Ebola Virus/ Sudan Virus/ Tai Forest Virus/ Bundibugyo Virus,AFRO, Sierra Leone,None,2014-09-16,CumCases,1620
Filoviridae,Ebolavirus,Ebola Virus/ Sudan Virus/ Tai Forest Virus/ Bundibugyo Virus,AFRO, Sierra Leone,None,2014-09-18,CumCases,1673
Filoviridae,Ebolavirus,Ebola Virus/ Sudan Virus/ Tai Forest Virus/ Bundibugyo Virus,AFRO, Sierra Leone,None,2014-09-22,CumCases,1813
Filoviridae,Ebolavirus,Ebola Virus/ Sudan Virus/ Tai Forest Virus/ Bundibugyo Virus,AFRO, Sierra Leone,None,2014-09-24,CumCases,1940
Filoviridae,Ebolavirus,Ebola Virus/ Sudan Virus/ Tai Forest Virus/ Bundibugyo Virus,AFRO, Sierra Leone,None,2014-09-26,CumCases,2021
Filoviridae,Ebolavirus,Ebola Virus/ Sudan Virus/ Tai Forest Virus/ Bundibugyo Virus,AFRO, Sierra Leone,None,2014-10-01,CumCases,2304
Filoviridae,Ebolavirus,Ebola Virus/ Sudan Virus/ Tai Forest Virus/ Bundibugyo Virus,AFRO, Sierra Leone,None,2014-10-03,CumCases,2437
Filoviridae,Ebolavirus,Ebola Virus/ Sudan Virus/ Tai Forest Virus/ Bundibugyo Virus,AFRO, Sierra Leone,None,2014-10-08,CumCases,2789
Filoviridae,Ebolavirus,Ebola Virus/ Sudan Virus/ Tai Forest Virus/ Bundibugyo Virus,AFRO, Sierra Leone,None,2014-10-10,CumCases,2950
Filoviridae,Ebolavirus,Ebola Virus/ Sudan Virus/ Tai Forest Virus/ Bundibugyo Virus,AFRO, Sierra Leone,None,2014-10-15,CumCases,3252
Filoviridae,Ebolavirus,Ebola Virus/ Sudan Virus/ Tai Forest Virus/ Bundibugyo Virus,AFRO, Sierra Leone,None,2014-10-17,CumCases,3410
Filoviridae,Ebolavirus,Ebola Virus/ Sudan Virus/ Tai Forest Virus/ Bundibugyo Virus,AFRO, Sierra Leone,None,2014-10-22,CumCases,3706
Filoviridae,Ebolavirus,Ebola Virus/ Sudan Virus/ Tai Forest Virus/ Bundibugyo Virus,AFRO, Sierra Leone,None,2014-10-25,CumCases,3896
Filoviridae,Ebolavirus,Ebola Virus/ Sudan Virus/ Tai Forest Virus/ Bundibugyo Virus,AFRO, Sierra Leone,None,2014-10-29,CumCases,5235
Filoviridae,Ebolavirus,Ebola Virus/ Sudan Virus/ Tai Forest Virus/ Bundibugyo Virus,AFRO, Sierra Leone,None,2014-10-31,CumCases,5338
Filoviridae,Ebolavirus,Ebola Virus/ Sudan Virus/ Tai Forest Virus/ Bundibugyo Virus,AFRO, Sierra Leone,None,2014-11-05,CumCases,4759
Filoviridae,Ebolavirus,Ebola Virus/ Sudan Virus/ Tai Forest Virus/ Bundibugyo Virus,AFRO, Sierra Leone,None,2014-11-07,CumCases,4862
Filoviridae,Ebolavirus,Ebola Virus/ Sudan Virus/ Tai Forest Virus/ Bundibugyo Virus,AFRO, Sierra Leone,None,2014-11-12,CumCases,5368
Filoviridae,Ebolavirus,Ebola Virus/ Sudan Virus/ Tai Forest Virus/ Bundibugyo Virus,AFRO, Sierra Leone,None,2014-11-14,CumCases,5586
Filoviridae,Ebolavirus,Ebola Virus/ Sudan Virus/ Tai Forest Virus/ Bundibugyo Virus,AFRO, Sierra Leone,None,2014-11-19,CumCases,6073
Filoviridae,Ebolavirus,Ebola Virus/ Sudan Virus/ Tai Forest Virus/ Bundibugyo Virus,AFRO, Sierra Leone,None,2014-11-21,CumCases,6190
Filoviridae,Ebolavirus,Ebola Virus/ Sudan Virus/ Tai Forest Virus/ Bundibugyo Virus,AFRO, Sierra Leone,None,2014-11-26,CumCases,6599
Filoviridae,Ebolavirus,Ebola Virus/ Sudan Virus/ Tai Forest Virus/ Bundibugyo Virus,AFRO, Sierra Leone,None,2014-11-28,CumCases,7109
Filoviridae,Ebolavirus,Ebola Virus/ Sudan Virus/ Tai Forest Virus/ Bundibugyo Virus,AFRO, Sierra Leone,None,2014-12-03,CumCases,7312
Filoviridae,Ebolavirus,Ebola Virus/ Sudan Virus/ Tai Forest Virus/ Bundibugyo Virus,AFRO, Sierra Leone,None,2014-12-10,CumCases,7897
Filoviridae,Ebolavirus,Ebola Virus/ Sudan Virus/ Tai Forest Virus/ Bundibugyo Virus,AFRO, Sierra Leone,None,2014-12-17,CumCases,8356
Filoviridae,Ebolavirus,Ebola Virus/ Sudan Virus/ Tai Forest Virus/ Bundibugyo Virus,AFRO, Sierra Leone,None,2014-12-24,CumCases,9004
Filoviridae,Ebolavirus,Ebola Virus/ Sudan Virus/ Tai Forest Virus/ Bundibugyo Virus,AFRO, Sierra Leone,None,2014-12-31,CumCases,9446
Filoviridae,Ebolavirus,Ebola Virus/ Sudan Virus/ Tai Forest Virus/ Bundibugyo Virus,AFRO, Sierra Leone,None,2015-01-07,CumCases,9780
Filoviridae,Ebolavirus,Ebola Virus/ Sudan Virus/ Tai Forest Virus/ Bundibugyo Virus,AFRO, Sierra Leone,None,2015-01-14,CumCases,10124
Filoviridae,Ebolavirus,Ebola Virus/ Sudan Virus/ Tai Forest Virus/ Bundibugyo Virus,AFRO, Sierra Leone,None,2015-01-21,CumCases,10340
Filoviridae,Ebolavirus,Ebola Virus/ Sudan Virus/ Tai Forest Virus/ Bundibugyo Virus,AFRO, Sierra Leone,None,2015-01-28,CumCases,10518
Filoviridae,Ebolavirus,Ebola Virus/ Sudan Virus/ Tai Forest Virus/ Bundibugyo Virus,AFRO, Sierra Leone,None,2015-02-04,CumCases,10740
Filoviridae,Ebolavirus,Ebola Virus/ Sudan Virus/ Tai Forest Virus/ Bundibugyo Virus,AFRO, Sierra Leone,None,2015-02-11,CumCases,10934
Filoviridae,Ebolavirus,Ebola Virus/ Sudan Virus/ Tai Forest Virus/ Bundibugyo Virus,AFRO, Sierra Leone,None,2015-02-18,CumCases,11103
Filoviridae,Ebolavirus,Ebola Virus/ Sudan Virus/ Tai Forest Virus/ Bundibugyo Virus,AFRO, Sierra Leone,None,2015-02-25,CumCases,11301
Filoviridae,Ebolavirus,Ebola Virus/ Sudan Virus/ Tai Forest Virus/ Bundibugyo Virus,AFRO, Sierra Leone,None,2015-03-04,CumCases,11466
Filoviridae,Ebolavirus,Ebola Virus/ Sudan Virus/ Tai Forest Virus/ Bundibugyo Virus,AFRO, Sierra Leone,None,2015-03-11,CumCases,11619
Filoviridae,Ebolavirus,Ebola Virus/ Sudan Virus/ Tai Forest Virus/ Bundibugyo Virus,AFRO, Sierra Leone,None,2015-03-18,CumCases,11751
Filoviridae,Ebolavirus,Ebola Virus/ Sudan Virus/ Tai Forest Virus/ Bundibugyo Virus,AFRO, Sierra Leone,None,2015-03-25,CumCases,11841
Filoviridae,Ebolavirus,Ebola Virus/ Sudan Virus/ Tai Forest Virus/ Bundibugyo Virus,AFRO, Sierra Leone,None,2015-03-26,CumCases,11866
Filoviridae,Ebolavirus,Ebola Virus/ Sudan Virus/ Tai Forest Virus/ Bundibugyo Virus,AFRO, Sierra Leone,None,2015-03-27,CumCases,11889
Filoviridae,Ebolavirus,Ebola Virus/ Sudan Virus/ Tai Forest Virus/ Bundibugyo Virus,AFRO, Sierra Leone,None,2015-03-30,CumCases,11943
Filoviridae,Ebolavirus,Ebola Virus/ Sudan Virus/ Tai Forest Virus/ Bundibugyo Virus,AFRO, Sierra Leone,None,2015-03-31,CumCases,11974
Filoviridae,Ebolavirus,Ebola Virus/ Sudan Virus/ Tai Forest Virus/ Bundibugyo Virus,AFRO, Sierra Leone,None,2015-04-01,CumCases,11974
Filoviridae,Ebolavirus,Ebola Virus/ Sudan Virus/ Tai Forest Virus/ Bundibugyo Virus,AFRO, Sierra Leone,None,2015-04-02,CumCases,12022
Filoviridae,Ebolavirus,Ebola Virus/ Sudan Virus/ Tai Forest Virus/ Bundibugyo Virus,AFRO, Sierra Leone,None,2015-04-07,CumCases,12139
Filoviridae,Ebolavirus,Ebola Virus/ Sudan Virus/ Tai Forest Virus/ Bundibugyo Virus,AFRO, Sierra Leone,None,2015-04-08,CumCases,12138
Filoviridae,Ebolavirus,Ebola Virus/ Sudan Virus/ Tai Forest Virus/ Bundibugyo Virus,AFRO, Sierra Leone,None,2015-04-09,CumCases,12155
Filoviridae,Ebolavirus,Ebola Virus/ Sudan Virus/ Tai Forest Virus/ Bundibugyo Virus,AFRO, Sierra Leone,None,2015-04-10,CumCases,12170
Filoviridae,Ebolavirus,Ebola Virus/ Sudan Virus/ Tai Forest Virus/ Bundibugyo Virus,AFRO, Sierra Leone,None,2015-04-13,CumCases,12188
Filoviridae,Ebolavirus,Ebola Virus/ Sudan Virus/ Tai Forest Virus/ Bundibugyo Virus,AFRO, Sierra Leone,None,2015-04-14,CumCases,12201
Filoviridae,Ebolavirus,Ebola Virus/ Sudan Virus/ Tai Forest Virus/ Bundibugyo Virus,AFRO, Sierra Leone,None,2015-04-15,CumCases,12201
Filoviridae,Ebolavirus,Ebola Virus/ Sudan Virus/ Tai Forest Virus/ Bundibugyo Virus,AFRO, Sierra Leone,None,2015-04-16,CumCases,12223
Filoviridae,Ebolavirus,Ebola Virus/ Sudan Virus/ Tai Forest Virus/ Bundibugyo Virus,AFRO, Sierra Leone,None,2015-04-17,CumCases,12244
Filoviridae,Ebolavirus,Ebola Virus/ Sudan Virus/ Tai Forest Virus/ Bundibugyo Virus,AFRO, Sierra Leone,None,2015-04-18,CumCases,12256
Filoviridae,Ebolavirus,Ebola Virus/ Sudan Virus/ Tai Forest Virus/ Bundibugyo Virus,AFRO, Sierra Leone,None,2015-04-19,CumCases,12267
Filoviridae,Ebolavirus,Ebola Virus/ Sudan Virus/ Tai Forest Virus/ Bundibugyo Virus,AFRO, Sierra Leone,None,2015-04-19,CumCases,12256
Filoviridae,Ebolavirus,Ebola Virus/ Sudan Virus/ Tai Forest Virus/ Bundibugyo Virus,AFRO, Sierra Leone,None,2015-04-21,CumCases,12294
Filoviridae,Ebolavirus,Ebola Virus/ Sudan Virus/ Tai Forest Virus/ Bundibugyo Virus,AFRO, Sierra Leone,None,2015-04-22,CumCases,12313
Filoviridae,Ebolavirus,Ebola Virus/ Sudan Virus/ Tai Forest Virus/ Bundibugyo Virus,AFRO, Sierra Leone,None,2015-04-24,CumCases,12362
Filoviridae,Ebolavirus,Ebola Virus/ Sudan Virus/ Tai Forest Virus/ Bundibugyo Virus,AFRO, Sierra Leone,None,2015-04-26,CumCases,12371
Filoviridae,Ebolavirus,Ebola Virus/ Sudan Virus/ Tai Forest Virus/ Bundibugyo Virus,AFRO, Sierra Leone,None,2015-04-28,CumCases,12387
Filoviridae,Ebolavirus,Ebola Virus/ Sudan Virus/ Tai Forest Virus/ Bundibugyo Virus,AFRO, Sierra Leone,None,2015-04-29,CumCases,12398
Filoviridae,Ebolavirus,Ebola Virus/ Sudan Virus/ Tai Forest Virus/ Bundibugyo Virus,AFRO, Sierra Leone,None,2015-05-02,CumCases,12426
Filoviridae,Ebolavirus,Ebola Virus/ Sudan Virus/ Tai Forest Virus/ Bundibugyo Virus,AFRO, Sierra Leone,None,2015-05-03,CumCases,12440
Filoviridae,Ebolavirus,Ebola Virus/ Sudan Virus/ Tai Forest Virus/ Bundibugyo Virus,AFRO, Sierra Leone,None,2015-05-03,CumCases,12440
Filoviridae,Ebolavirus,Ebola Virus/ Sudan Virus/ Tai Forest Virus/ Bundibugyo Virus,AFRO, Sierra Leone,None,2015-05-05,CumCases,12470
Filoviridae,Ebolavirus,Ebola Virus/ Sudan Virus/ Tai Forest Virus/ Bundibugyo Virus,AFRO, Sierra Leone,None,2015-05-06,CumCases,12492
Filoviridae,Ebolavirus,Ebola Virus/ Sudan Virus/ Tai Forest Virus/ Bundibugyo Virus,AFRO, Sierra Leone,None,2015-05-09,CumCases,12519
Filoviridae,Ebolavirus,Ebola Virus/ Sudan Virus/ Tai Forest Virus/ Bundibugyo Virus,AFRO, Sierra Leone,None,2015-05-10,CumCases,12523
Filoviridae,Ebolavirus,Ebola Virus/ Sudan Virus/ Tai Forest Virus/ Bundibugyo Virus,AFRO, Sierra Leone,None,2015-05-12,CumCases,12536
Filoviridae,Ebolavirus,Ebola Virus/ Sudan Virus/ Tai Forest Virus/ Bundibugyo Virus,AFRO, Sierra Leone,None,2015-05-13,CumCases,12540
Filoviridae,Ebolavirus,Ebola Virus/ Sudan Virus/ Tai Forest Virus/ Bundibugyo Virus,AFRO, Sierra Leone,None,2015-05-16,CumCases,12593
Filoviridae,Ebolavirus,Ebola Virus/ Sudan Virus/ Tai Forest Virus/ Bundibugyo Virus,AFRO, Sierra Leone,None,2015-05-19,CumCases,12656
Filoviridae,Ebolavirus,Ebola Virus/ Sudan Virus/ Tai Forest Virus/ Bundibugyo Virus,AFRO, Sierra Leone,None,2015-05-20,CumCases,12666
Filoviridae,Ebolavirus,Ebola Virus/ Sudan Virus/ Tai Forest Virus/ Bundibugyo Virus,AFRO, Sierra Leone,None,2015-05-24,CumCases,12706
Filoviridae,Ebolavirus,Ebola Virus/ Sudan Virus/ Tai Forest Virus/ Bundibugyo Virus,AFRO, Sierra Leone,None,2015-05-26,CumCases,12735
Filoviridae,Ebolavirus,Ebola Virus/ Sudan Virus/ Tai Forest Virus/ Bundibugyo Virus,AFRO, Sierra Leone,None,2015-05-27,CumCases,12745
Filoviridae,Ebolavirus,Ebola Virus/ Sudan Virus/ Tai Forest Virus/ Bundibugyo Virus,AFRO, Sierra Leone,None,2015-05-30,CumCases,12816
Filoviridae,Ebolavirus,Ebola Virus/ Sudan Virus/ Tai Forest Virus/ Bundibugyo Virus,AFRO, Sierra Leone,None,2015-05-31,CumCases,12827
Filoviridae,Ebolavirus,Ebola Virus/ Sudan Virus/ Tai Forest Virus/ Bundibugyo Virus,AFRO, Sierra Leone,None,2015-06-04,CumCases,12850
Filoviridae,Ebolavirus,Ebola Virus/ Sudan Virus/ Tai Forest Virus/ Bundibugyo Virus,AFRO, Sierra Leone,None,2015-06-05,CumCases,12859
Filoviridae,Ebolavirus,Ebola Virus/ Sudan Virus/ Tai Forest Virus/ Bundibugyo Virus,AFRO, Sierra Leone,None,2015-06-06,CumCases,12884
Filoviridae,Ebolavirus,Ebola Virus/ Sudan Virus/ Tai Forest Virus/ Bundibugyo Virus,AFRO, Sierra Leone,None,2015-06-07,CumCases,12901
Filoviridae,Ebolavirus,Ebola Virus/ Sudan Virus/ Tai Forest Virus/ Bundibugyo Virus,AFRO, Sierra Leone,None,2015-06-09,CumCases,12911
Filoviridae,Ebolavirus,Ebola Virus/ Sudan Virus/ Tai Forest Virus/ Bundibugyo Virus,AFRO, Sierra Leone,None,2015-06-10,CumCases,12932
Filoviridae,Ebolavirus,Ebola Virus/ Sudan Virus/ Tai Forest Virus/ Bundibugyo Virus,AFRO, Sierra Leone,None,2015-06-13,CumCases,12962
Filoviridae,Ebolavirus,Ebola Virus/ Sudan Virus/ Tai Forest Virus/ Bundibugyo Virus,AFRO, Sierra Leone,None,2015-06-14,CumCases,12965
Filoviridae,Ebolavirus,Ebola Virus/ Sudan Virus/ Tai Forest Virus/ Bundibugyo Virus,AFRO, Sierra Leone,None,2015-06-16,CumCases,12990
Filoviridae,Ebolavirus,Ebola Virus/ Sudan Virus/ Tai Forest Virus/ Bundibugyo Virus,AFRO, Sierra Leone,None,2015-06-17,CumCases,13012
Filoviridae,Ebolavirus,Ebola Virus/ Sudan Virus/ Tai Forest Virus/ Bundibugyo Virus,AFRO, Sierra Leone,None,2015-06-21,CumCases,13059
Filoviridae,Ebolavirus,Ebola Virus/ Sudan Virus/ Tai Forest Virus/ Bundibugyo Virus,AFRO, Sierra Leone,None,2015-06-23,CumCases,13083
Filoviridae,Ebolavirus,Ebola Virus/ Sudan Virus/ Tai Forest Virus/ Bundibugyo Virus,AFRO, Sierra Leone,None,2015-06-24,CumCases,13093
Filoviridae,Ebolavirus,Ebola Virus/ Sudan Virus/ Tai Forest Virus/ Bundibugyo Virus,AFRO, Sierra Leone,None,2015-06-29,CumCases,13115
Filoviridae,Ebolavirus,Ebola Virus/ Sudan Virus/ Tai Forest Virus/ Bundibugyo Virus,AFRO, Sierra Leone,None,2015-06-30,CumCases,13129
Filoviridae,Ebolavirus,Ebola Virus/ Sudan Virus/ Tai Forest Virus/ Bundibugyo Virus,AFRO, Sierra Leone,None,2015-06-30,CumCases,13119
Filoviridae,Ebolavirus,Ebola Virus/ Sudan Virus/ Tai Forest Virus/ Bundibugyo Virus,AFRO, Sierra Leone,None,2015-07-03,CumCases,13135
Filoviridae,Ebolavirus,Ebola Virus/ Sudan Virus/ Tai Forest Virus/ Bundibugyo Virus,AFRO, Sierra Leone,None,2015-07-04,CumCases,13150
Filoviridae,Ebolavirus,Ebola Virus/ Sudan Virus/ Tai Forest Virus/ Bundibugyo Virus,AFRO, Sierra Leone,None,2015-07-05,CumCases,13155
Filoviridae,Ebolavirus,Ebola Virus/ Sudan Virus/ Tai Forest Virus/ Bundibugyo Virus,AFRO, Sierra Leone,None,2015-07-08,CumCases,13155
Filoviridae,Ebolavirus,Ebola Virus/ Sudan Virus/ Tai Forest Virus/ Bundibugyo Virus,AFRO, Sierra Leone,None,2015-07-09,CumCases,13169
Filoviridae,Ebolavirus,Ebola Virus/ Sudan Virus/ Tai Forest Virus/ Bundibugyo Virus,AFRO, Sierra Leone,None,2015-07-10,CumCases,13177
Filoviridae,Ebolavirus,Ebola Virus/ Sudan Virus/ Tai Forest Virus/ Bundibugyo Virus,AFRO, Sierra Leone,None,2015-07-13,CumCases,13201
Filoviridae,Ebolavirus,Ebola Virus/ Sudan Virus/ Tai Forest Virus/ Bundibugyo Virus,AFRO, Sierra Leone,None,2015-07-14,CumCases,13209
Filoviridae,Ebolavirus,Ebola Virus/ Sudan Virus/ Tai Forest Virus/ Bundibugyo Virus,AFRO, Sierra Leone,None,2015-07-15,CumCases,13209
Filoviridae,Ebolavirus,Ebola Virus/ Sudan Virus/ Tai Forest Virus/ Bundibugyo Virus,AFRO, Sierra Leone,None,2015-07-16,CumCases,13209
Filoviridae,Ebolavirus,Ebola Virus/ Sudan Virus/ Tai Forest Virus/ Bundibugyo Virus,AFRO, Sierra Leone,None,2015-07-17,CumCases,13209
Filoviridae,Ebolavirus,Ebola Virus/ Sudan Virus/ Tai Forest Virus/ Bundibugyo Virus,AFRO, Sierra Leone,None,2015-07-20,CumCases,13241
Filoviridae,Ebolavirus,Ebola Virus/ Sudan Virus/ Tai Forest Virus/ Bundibugyo Virus,AFRO, Sierra Leone,None,2015-07-21,CumCases,13250
Filoviridae,Ebolavirus,Ebola Virus/ Sudan Virus/ Tai Forest Virus/ Bundibugyo Virus,AFRO, Sierra Leone,None,2015-07-22,CumCases,13250
Filoviridae,Ebolavirus,Ebola Virus/ Sudan Virus/ Tai Forest Virus/ Bundibugyo Virus,AFRO, Sierra Leone,None,2015-07-23,CumCases,13262
Filoviridae,Ebolavirus,Ebola Virus/ Sudan Virus/ Tai Forest Virus/ Bundibugyo Virus,AFRO, Sierra Leone,None,2015-07-24,CumCases,13264
Filoviridae,Ebolavirus,Ebola Virus/ Sudan Virus/ Tai Forest Virus/ Bundibugyo Virus,AFRO, Sierra Leone,None,2015-07-27,CumCases,13284
Filoviridae,Ebolavirus,Ebola Virus/ Sudan Virus/ Tai Forest Virus/ Bundibugyo Virus,AFRO, Sierra Leone,None,2015-07-28,CumCases,13291
Filoviridae,Ebolavirus,Ebola Virus/ Sudan Virus/ Tai Forest Virus/ Bundibugyo Virus,AFRO, Sierra Leone,None,2015-07-29,CumCases,13290
Filoviridae,Ebolavirus,Ebola Virus/ Sudan Virus/ Tai Forest Virus/ Bundibugyo Virus,AFRO, Sierra Leone,None,2015-07-30,CumCases,13379
Filoviridae,Ebolavirus,Ebola Virus/ Sudan Virus/ Tai Forest Virus/ Bundibugyo Virus,AFRO, Sierra Leone,None,2015-07-31,CumCases,13387
Filoviridae,Ebolavirus,Ebola Virus/ Sudan Virus/ Tai Forest Virus/ Bundibugyo Virus,AFRO, Sierra Leone,None,2015-08-03,CumCases,13402
Filoviridae,Ebolavirus,Ebola Virus/ Sudan Virus/ Tai Forest Virus/ Bundibugyo Virus,AFRO, Sierra Leone,None,2015-08-04,CumCases,13406
Filoviridae,Ebolavirus,Ebola Virus/ Sudan Virus/ Tai Forest Virus/ Bundibugyo Virus,AFRO, Sierra Leone,None,2015-08-05,CumCases,13406
Filoviridae,Ebolavirus,Ebola Virus/ Sudan Virus/ Tai Forest Virus/ Bundibugyo Virus,AFRO, Sierra Leone,None,2015-08-06,CumCases,13426
Filoviridae,Ebolavirus,Ebola Virus/ Sudan Virus/ Tai Forest Virus/ Bundibugyo Virus,AFRO, Sierra Leone,None,2015-08-07,CumCases,13428
Filoviridae,Ebolavirus,Ebola Virus/ Sudan Virus/ Tai Forest Virus/ Bundibugyo Virus,AFRO, Sierra Leone,None,2015-08-10,CumCases,13465
Filoviridae,Ebolavirus,Ebola Virus/ Sudan Virus/ Tai Forest Virus/ Bundibugyo Virus,AFRO, Sierra Leone,None,2015-08-11,CumCases,13470
Filoviridae,Ebolavirus,Ebola Virus/ Sudan Virus/ Tai Forest Virus/ Bundibugyo Virus,AFRO, Sierra Leone,None,2015-08-13,CumCases,13484
Filoviridae,Ebolavirus,Ebola Virus/ Sudan Virus/ Tai Forest Virus/ Bundibugyo Virus,AFRO, Sierra Leone,None,2015-08-14,CumCases,13485
Filoviridae,Ebolavirus,Ebola Virus/ Sudan Virus/ Tai Forest Virus/ Bundibugyo Virus,AFRO, Sierra Leone,None,2015-08-17,CumCases,13489
Filoviridae,Ebolavirus,Ebola Virus/ Sudan Virus/ Tai Forest Virus/ Bundibugyo Virus,AFRO, Sierra Leone,None,2015-08-18,CumCases,13494
Filoviridae,Ebolavirus,Ebola Virus/ Sudan Virus/ Tai Forest Virus/ Bundibugyo Virus,AFRO, Sierra Leone,None,2015-08-20,CumCases,13518
Filoviridae,Ebolavirus,Ebola Virus/ Sudan Virus/ Tai Forest Virus/ Bundibugyo Virus,AFRO, Sierra Leone,None,2015-08-21,CumCases,13533
Filoviridae,Ebolavirus,Ebola Virus/ Sudan Virus/ Tai Forest Virus/ Bundibugyo Virus,AFRO, Sierra Leone,None,2015-08-24,CumCases,13538
Filoviridae,Ebolavirus,Ebola Virus/ Sudan Virus/ Tai Forest Virus/ Bundibugyo Virus,AFRO, Sierra Leone,None,2015-08-25,CumCases,13541
Filoviridae,Ebolavirus,Ebola Virus/ Sudan Virus/ Tai Forest Virus/ Bundibugyo Virus,AFRO, Sierra Leone,None,2015-08-27,CumCases,13582
Filoviridae,Ebolavirus,Ebola Virus/ Sudan Virus/ Tai Forest Virus/ Bundibugyo Virus,AFRO, Sierra Leone,None,2015-08-28,CumCases,13586
Filoviridae,Ebolavirus,Ebola Virus/ Sudan Virus/ Tai Forest Virus/ Bundibugyo Virus,AFRO, Sierra Leone,None,2015-08-31,CumCases,13603
Filoviridae,Ebolavirus,Ebola Virus/ Sudan Virus/ Tai Forest Virus/ Bundibugyo Virus,AFRO, Sierra Leone,None,2015-09-01,CumCases,13609
Filoviridae,Ebolavirus,Ebola Virus/ Sudan Virus/ Tai Forest Virus/ Bundibugyo Virus,AFRO, Sierra Leone,None,2015-09-03,CumCases,13638
Filoviridae,Ebolavirus,Ebola Virus/ Sudan Virus/ Tai Forest Virus/ Bundibugyo Virus,AFRO, Sierra Leone,None,2015-09-04,CumCases,13639
Filoviridae,Ebolavirus,Ebola Virus/ Sudan Virus/ Tai Forest Virus/ Bundibugyo Virus,AFRO, Sierra Leone,None,2015-09-08,CumCases,13683
Filoviridae,Ebolavirus,Ebola Virus/ Sudan Virus/ Tai Forest Virus/ Bundibugyo Virus,AFRO, Sierra Leone,None,2015-09-10,CumCases,13697
Filoviridae,Ebolavirus,Ebola Virus/ Sudan Virus/ Tai Forest Virus/ Bundibugyo Virus,AFRO, Sierra Leone,None,2015-09-11,CumCases,13701
Filoviridae,Ebolavirus,Ebola Virus/ Sudan Virus/ Tai Forest Virus/ Bundibugyo Virus,AFRO, Sierra Leone,None,2015-09-14,CumCases,13747
Filoviridae,Ebolavirus,Ebola Virus/ Sudan Virus/ Tai Forest Virus/ Bundibugyo Virus,AFRO, Sierra Leone,None,2015-09-15,CumCases,13756
Filoviridae,Ebolavirus,Ebola Virus/ Sudan Virus/ Tai Forest Virus/ Bundibugyo Virus,AFRO, Sierra Leone,None,2015-09-17,CumCases,13573
Filoviridae,Ebolavirus,Ebola Virus/ Sudan Virus/ Tai Forest Virus/ Bundibugyo Virus,AFRO, Sierra Leone,None,2015-09-18,CumCases,13785
Filoviridae,Ebolavirus,Ebola Virus/ Sudan Virus/ Tai Forest Virus/ Bundibugyo Virus,AFRO, Sierra Leone,None,2015-09-21,CumCases,13811
Filoviridae,Ebolavirus,Ebola Virus/ Sudan Virus/ Tai Forest Virus/ Bundibugyo Virus,AFRO, Sierra Leone,None,2015-09-22,CumCases,13823
Filoviridae,Ebolavirus,Ebola Virus/ Sudan Virus/ Tai Forest Virus/ Bundibugyo Virus,AFRO, Sierra Leone,None,2015-09-24,CumCases,13846
Filoviridae,Ebolavirus,Ebola Virus/ Sudan Virus/ Tai Forest Virus/ Bundibugyo Virus,AFRO, Sierra Leone,None,2015-09-28,CumCases,13894
Filoviridae,Ebolavirus,Ebola Virus/ Sudan Virus/ Tai Forest Virus/ Bundibugyo Virus,AFRO, Sierra Leone,None,2015-09-29,CumCases,13911
Filoviridae,Ebolavirus,Ebola Virus/ Sudan Virus/ Tai Forest Virus/ Bundibugyo Virus,AFRO, Sierra Leone,None,2015-10-01,CumCases,13928
Filoviridae,Ebolavirus,Ebola Virus/ Sudan Virus/ Tai Forest Virus/ Bundibugyo Virus,AFRO, Sierra Leone,None,2015-10-02,CumCases,13931
Filoviridae,Ebolavirus,Ebola Virus/ Sudan Virus/ Tai Forest Virus/ Bundibugyo Virus,AFRO, Sierra Leone,None,2015-10-05,CumCases,13941
Filoviridae,Ebolavirus,Ebola Virus/ Sudan Virus/ Tai Forest Virus/ Bundibugyo Virus,AFRO, Sierra Leone,None,2015-10-07,CumCases,13945
Filoviridae,Ebolavirus,Ebola Virus/ Sudan Virus/ Tai Forest Virus/ Bundibugyo Virus,AFRO, Sierra Leone,None,2015-10-08,CumCases,13956
Filoviridae,Ebolavirus,Ebola Virus/ Sudan Virus/ Tai Forest Virus/ Bundibugyo Virus,AFRO, Sierra Leone,None,2015-10-09,CumCases,13957
Filoviridae,Ebolavirus,Ebola Virus/ Sudan Virus/ Tai Forest Virus/ Bundibugyo Virus,AFRO, Sierra Leone,None,2015-10-12,CumCases,13978
Filoviridae,Ebolavirus,Ebola Virus/ Sudan Virus/ Tai Forest Virus/ Bundibugyo Virus,AFRO, Sierra Leone,None,2015-10-13,CumCases,13982
Filoviridae,Ebolavirus,Ebola Virus/ Sudan Virus/ Tai Forest Virus/ Bundibugyo Virus,AFRO, Sierra Leone,None,2015-10-15,CumCases,13992
Filoviridae,Ebolavirus,Ebola Virus/ Sudan Virus/ Tai Forest Virus/ Bundibugyo Virus,AFRO, Sierra Leone,None,2015-10-16,CumCases,13992
Filoviridae,Ebolavirus,Ebola Virus/ Sudan Virus/ Tai Forest Virus/ Bundibugyo Virus,AFRO, Sierra Leone,None,2015-10-19,CumCases,13999
Filoviridae,Ebolavirus,Ebola Virus/ Sudan Virus/ Tai Forest Virus/ Bundibugyo Virus,AFRO, Sierra Leone,None,2015-10-20,CumCases,14001
Filoviridae,Ebolavirus,Ebola Virus/ Sudan Virus/ Tai Forest Virus/ Bundibugyo Virus,AFRO, Sierra Leone,None,2015-10-22,CumCases,14031
Filoviridae,Ebolavirus,Ebola Virus/ Sudan Virus/ Tai Forest Virus/ Bundibugyo Virus,AFRO, Sierra Leone,None,2015-10-23,CumCases,14038
Filoviridae,Ebolavirus,Ebola Virus/ Sudan Virus/ Tai Forest Virus/ Bundibugyo Virus,AFRO, Sierra Leone,None,2015-10-26,CumCases,14052
Filoviridae,Ebolavirus,Ebola Virus/ Sudan Virus/ Tai Forest Virus/ Bundibugyo Virus,AFRO, Sierra Leone,None,2015-10-27,CumCases,14061
Filoviridae,Ebolavirus,Ebola Virus/ Sudan Virus/ Tai Forest Virus/ Bundibugyo Virus,AFRO, Sierra Leone,None,2015-10-29,CumCases,14066
Filoviridae,Ebolavirus,Ebola Virus/ Sudan Virus/ Tai Forest Virus/ Bundibugyo Virus,AFRO, Sierra Leone,None,2015-10-30,CumCases,14067
Filoviridae,Ebolavirus,Ebola Virus/ Sudan Virus/ Tai Forest Virus/ Bundibugyo Virus,AFRO, Sierra Leone,None,2015-11-02,CumCases,14078
Filoviridae,Ebolavirus,Ebola Virus/ Sudan Virus/ Tai Forest Virus/ Bundibugyo Virus,AFRO, Sierra Leone,None,2015-11-03,CumCases,14089
Filoviridae,Ebolavirus,Ebola Virus/ Sudan Virus/ Tai Forest Virus/ Bundibugyo Virus,AFRO, Sierra Leone,None,2015-11-05,CumCases,14104
Filoviridae,Ebolavirus,Ebola Virus/ Sudan Virus/ Tai Forest Virus/ Bundibugyo Virus,AFRO, Sierra Leone,None,2015-11-06,CumCases,14109
Filoviridae,Ebolavirus,Ebola Virus/ Sudan Virus/ Tai Forest Virus/ Bundibugyo Virus,AFRO, Sierra Leone,None,2015-11-09,CumCases,14122
Filoviridae,Ebolavirus,Ebola Virus/ Sudan Virus/ Tai Forest Virus/ Bundibugyo Virus,AFRO, Sierra Leone,None,2015-11-10,CumCases,14122
Filoviridae,Ebolavirus,Ebola Virus/ Sudan Virus/ Tai Forest Virus/ Bundibugyo Virus,AFRO, Sierra Leone,None,2015-11-12,CumCases,14122
Filoviridae,Ebolavirus,Ebola Virus/ Sudan Virus/ Tai Forest Virus/ Bundibugyo Virus,AFRO, Sierra Leone,None,2015-11-16,CumCases,14122
Filoviridae,Ebolavirus,Ebola Virus/ Sudan Virus/ Tai Forest Virus/ Bundibugyo Virus,AFRO, Sierra Leone,None,2015-11-17,CumCases,14122
Filoviridae,Ebolavirus,Ebola Virus/ Sudan Virus/ Tai Forest Virus/ Bundibugyo Virus,AFRO, Sierra Leone,None,2015-11-18,CumCases,14122
Filoviridae,Ebolavirus,Ebola Virus/ Sudan Virus/ Tai Forest Virus/ Bundibugyo Virus,AFRO, Sierra Leone,None,2015-11-19,CumCases,14122
Filoviridae,Ebolavirus,Ebola Virus/ Sudan Virus/ Tai Forest Virus/ Bundibugyo Virus,AFRO, Sierra Leone,None,2015-11-20,CumCases,14122
Filoviridae,Ebolavirus,Ebola Virus/ Sudan Virus/ Tai Forest Virus/ Bundibugyo Virus,AFRO, Sierra Leone,None,2015-11-23,CumCases,14122
Filoviridae,Ebolavirus,Ebola Virus/ Sudan Virus/ Tai Forest Virus/ Bundibugyo Virus,AFRO, Sierra Leone,None,2015-11-24,CumCases,14122
Filoviridae,Ebolavirus,Ebola Virus/ Sudan Virus/ Tai Forest Virus/ Bundibugyo Virus,AFRO, Sierra Leone,None,2015-11-25,CumCases,14122
Filoviridae,Ebolavirus,Ebola Virus/ Sudan Virus/ Tai Forest Virus/ Bundibugyo Virus,AFRO, Sierra Leone,None,2015-11-26,CumCases,14122
Filoviridae,Ebolavirus,Ebola Virus/ Sudan Virus/ Tai Forest Virus/ Bundibugyo Virus,AFRO, Sierra Leone,None,2015-11-27,CumCases,14122
Filoviridae,Ebolavirus,Ebola Virus/ Sudan Virus/ Tai Forest Virus/ Bundibugyo Virus,AFRO, Sierra Leone,None,2015-11-30,CumCases,14122
Filoviridae,Ebolavirus,Ebola Virus/ Sudan Virus/ Tai Forest Virus/ Bundibugyo Virus,AFRO, Sierra Leone,None,2015-12-01,CumCases,14122
Filoviridae,Ebolavirus,Ebola Virus/ Sudan Virus/ Tai Forest Virus/ Bundibugyo Virus,AFRO, Sierra Leone,None,2015-12-02,CumCases,14122
Filoviridae,Ebolavirus,Ebola Virus/ Sudan Virus/ Tai Forest Virus/ Bundibugyo Virus,AFRO, Sierra Leone,None,2015-12-03,CumCases,14122
Filoviridae,Ebolavirus,Ebola Virus/ Sudan Virus/ Tai Forest Virus/ Bundibugyo Virus,AFRO, Sierra Leone,None,2015-12-04,CumCases,14122
Filoviridae,Ebolavirus,Ebola Virus/ Sudan Virus/ Tai Forest Virus/ Bundibugyo Virus,AFRO, Sierra Leone,None,2015-12-07,CumCases,14122
Filoviridae,Ebolavirus,Ebola Virus/ Sudan Virus/ Tai Forest Virus/ Bundibugyo Virus,AFRO, Sierra Leone,None,2015-12-08,CumCases,14122
Filoviridae,Ebolavirus,Ebola Virus/ Sudan Virus/ Tai Forest Virus/ Bundibugyo Virus,AFRO, Sierra Leone,None,2015-12-09,CumCases,14122
Filoviridae,Ebolavirus,Ebola Virus/ Sudan Virus/ Tai Forest Virus/ Bundibugyo Virus,AFRO, Sierra Leone,None,2015-12-10,CumCases,14122
Filoviridae,Ebolavirus,Ebola Virus/ Sudan Virus/ Tai Forest Virus/ Bundibugyo Virus,AFRO, Sierra Leone,None,2015-12-11,CumCases,14122
Filoviridae,Ebolavirus,Ebola Virus/ Sudan Virus/ Tai Forest Virus/ Bundibugyo Virus,AFRO, Sierra Leone,None,2015-12-14,CumCases,14122
Filoviridae,Ebolavirus,Ebola Virus/ Sudan Virus/ Tai Forest Virus/ Bundibugyo Virus,AFRO, Sierra Leone,None,2015-12-15,CumCases,14122
Filoviridae,Ebolavirus,Ebola Virus/ Sudan Virus/ Tai Forest Virus/ Bundibugyo Virus,AFRO, Sierra Leone,None,2015-12-16,CumCases,14122
Filoviridae,Ebolavirus,Ebola Virus/ Sudan Virus/ Tai Forest Virus/ Bundibugyo Virus,AFRO, Sierra Leone,None,2015-12-17,CumCases,14122
Filoviridae,Ebolavirus,Ebola Virus/ Sudan Virus/ Tai Forest Virus/ Bundibugyo Virus,AFRO, Sierra Leone,None,2015-12-18,CumCases,14122
Filoviridae,Ebolavirus,Ebola Virus/ Sudan Virus/ Tai Forest Virus/ Bundibugyo Virus,AFRO, Sierra Leone,None,2015-12-21,CumCases,14122
Filoviridae,Ebolavirus,Ebola Virus/ Sudan Virus/ Tai Forest Virus/ Bundibugyo Virus,AFRO, Sierra Leone,None,2015-12-22,CumCases,14122
Filoviridae,Ebolavirus,Ebola Virus/ Sudan Virus/ Tai Forest Virus/ Bundibugyo Virus,AFRO, Sierra Leone,None,2015-12-23,CumCases,14122
Filoviridae,Ebolavirus,Ebola Virus/ Sudan Virus/ Tai Forest Virus/ Bundibugyo Virus,AFRO, Sierra Leone,None,2015-12-24,CumCases,14122
Filoviridae,Ebolavirus,Ebola Virus/ Sudan Virus/ Tai Forest Virus/ Bundibugyo Virus,AFRO, Sierra Leone,None,2015-12-25,CumCases,14122
Filoviridae,Ebolavirus,Ebola Virus/ Sudan Virus/ Tai Forest Virus/ Bundibugyo Virus,AFRO, Sierra Leone,None,2015-12-28,CumCases,14122
Filoviridae,Ebolavirus,Ebola Virus/ Sudan Virus/ Tai Forest Virus/ Bundibugyo Virus,AFRO, Sierra Leone,None,2015-12-29,CumCases,14122
Filoviridae,Ebolavirus,Ebola Virus/ Sudan Virus/ Tai Forest Virus/ Bundibugyo Virus,AFRO, Sierra Leone,None,2015-12-30,CumCases,14122
Filoviridae,Ebolavirus,Ebola Virus/ Sudan Virus/ Tai Forest Virus/ Bundibugyo Virus,AFRO, Sierra Leone,None,2016-01-06,CumCases,14122
Filoviridae,Ebolavirus,Ebola Virus/ Sudan Virus/ Tai Forest Virus/ Bundibugyo Virus,AFRO, Sierra Leone,None,2016-01-13,CumCases,14122
Filoviridae,Ebolavirus,Ebola Virus/ Sudan Virus/ Tai Forest Virus/ Bundibugyo Virus,AFRO, Sierra Leone,None,2016-01-20,CumCases,14123
Filoviridae,Ebolavirus,Ebola Virus/ Sudan Virus/ Tai Forest Virus/ Bundibugyo Virus,AFRO, Sierra Leone,None,2016-01-27,CumCases,14124
Filoviridae,Ebolavirus,Ebola Virus/ Sudan Virus/ Tai Forest Virus/ Bundibugyo Virus,AFRO, Sierra Leone,None,2016-02-03,CumCases,14124
Filoviridae,Ebolavirus,Ebola Virus/ Sudan Virus/ Tai Forest Virus/ Bundibugyo Virus,AFRO, Sierra Leone,None,2016-02-10,CumCases,14124
Filoviridae,Ebolavirus,Ebola Virus/ Sudan Virus/ Tai Forest Virus/ Bundibugyo Virus,AFRO, Sierra Leone,None,2016-02-17,CumCases,14124
Filoviridae,Ebolavirus,Ebola Virus/ Sudan Virus/ Tai Forest Virus/ Bundibugyo Virus,AFRO, Sierra Leone,None,2016-03-03,CumCases,14124
Filoviridae,Ebolavirus,Ebola Virus/ Sudan Virus/ Tai Forest Virus/ Bundibugyo Virus,AFRO, Sierra Leone,None,2016-03-23,CumCases,14124
Filoviridae,Ebolavirus,Ebola Virus/ Sudan Virus/ Tai Forest Virus/ Bundibugyo Virus,AFRO, Sierra Leone,None,2016-03-30,CumCases,14124
Filoviridae,Ebolavirus,Ebola Virus/ Sudan Virus/ Tai Forest Virus/ Bundibugyo Virus,AFRO, Sierra Leone,None,2016-04-13,CumCases,14124
