Microbe Family,Microbe Genus,Microbe Species,Region,Country,Domain,Sub-Domain,date,type,number
Flaviviridae,Flavivirus,DENV,AMRO,Puerto Rico,San Juan,,1990-05-06,Cases,4
Flaviviridae,Flavivirus,DENV,AMRO,Puerto Rico,San Juan,,1990-05-13,Cases,5
Flaviviridae,Flavivirus,DENV,AMRO,Puerto Rico,San Juan,,1990-05-20,Cases,4
Flaviviridae,Flavivirus,DENV,AMRO,Puerto Rico,San Juan,,1990-05-27,Cases,3
Flaviviridae,Flavivirus,DENV,AMRO,Puerto Rico,San Juan,,1990-06-03,Cases,6
Flaviviridae,Flavivirus,DENV,AMRO,Puerto Rico,San Juan,,1990-06-10,Cases,2
Flaviviridae,Flavivirus,DENV,AMRO,Puerto Rico,San Juan,,1990-06-17,Cases,4
Flaviviridae,Flavivirus,DENV,AMRO,Puerto Rico,San Juan,,1990-06-24,Cases,5
Flaviviridae,Flavivirus,DENV,AMRO,Puerto Rico,San Juan,,1990-07-01,Cases,10
Flaviviridae,Flavivirus,DENV,AMRO,Puerto Rico,San Juan,,1990-07-08,Cases,6
Flaviviridae,Flavivirus,DENV,AMRO,Puerto Rico,San Juan,,1990-07-15,Cases,8
Flaviviridae,Flavivirus,DENV,AMRO,Puerto Rico,San Juan,,1990-07-22,Cases,2
Flaviviridae,Flavivirus,DENV,AMRO,Puerto Rico,San Juan,,1990-07-29,Cases,6
Flaviviridae,Flavivirus,DENV,AMRO,Puerto Rico,San Juan,,1990-08-05,Cases,17
Flaviviridae,Flavivirus,DENV,AMRO,Puerto Rico,San Juan,,1990-08-12,Cases,23
Flaviviridae,Flavivirus,DENV,AMRO,Puerto Rico,San Juan,,1990-08-19,Cases,13
Flaviviridae,Flavivirus,DENV,AMRO,Puerto Rico,San Juan,,1990-08-26,Cases,21
Flaviviridae,Flavivirus,DENV,AMRO,Puerto Rico,San Juan,,1990-09-02,Cases,28
Flaviviridae,Flavivirus,DENV,AMRO,Puerto Rico,San Juan,,1990-09-09,Cases,24
Flaviviridae,Flavivirus,DENV,AMRO,Puerto Rico,San Juan,,1990-09-16,Cases,20
Flaviviridae,Flavivirus,DENV,AMRO,Puerto Rico,San Juan,,1990-09-23,Cases,40
Flaviviridae,Flavivirus,DENV,AMRO,Puerto Rico,San Juan,,1990-09-30,Cases,27
Flaviviridae,Flavivirus,DENV,AMRO,Puerto Rico,San Juan,,1990-10-07,Cases,42
Flaviviridae,Flavivirus,DENV,AMRO,Puerto Rico,San Juan,,1990-10-14,Cases,33
Flaviviridae,Flavivirus,DENV,AMRO,Puerto Rico,San Juan,,1990-10-21,Cases,43
Flaviviridae,Flavivirus,DENV,AMRO,Puerto Rico,San Juan,,1990-10-28,Cases,37
Flaviviridae,Flavivirus,DENV,AMRO,Puerto Rico,San Juan,,1990-11-04,Cases,57
Flaviviridae,Flavivirus,DENV,AMRO,Puerto Rico,San Juan,,1990-11-11,Cases,71
Flaviviridae,Flavivirus,DENV,AMRO,Puerto Rico,San Juan,,1990-11-18,Cases,44
Flaviviridae,Flavivirus,DENV,AMRO,Puerto Rico,San Juan,,1990-11-25,Cases,56
Flaviviridae,Flavivirus,DENV,AMRO,Puerto Rico,San Juan,,1990-12-02,Cases,53
Flaviviridae,Flavivirus,DENV,AMRO,Puerto Rico,San Juan,,1990-12-09,Cases,52
Flaviviridae,Flavivirus,DENV,AMRO,Puerto Rico,San Juan,,1990-12-16,Cases,47
Flaviviridae,Flavivirus,DENV,AMRO,Puerto Rico,San Juan,,1990-12-23,Cases,26
Flaviviridae,Flavivirus,DENV,AMRO,Puerto Rico,San Juan,,1990-12-30,Cases,27
Flaviviridae,Flavivirus,DENV,AMRO,Puerto Rico,San Juan,,1991-01-13,Cases,21
Flaviviridae,Flavivirus,DENV,AMRO,Puerto Rico,San Juan,,1991-01-20,Cases,21
Flaviviridae,Flavivirus,DENV,AMRO,Puerto Rico,San Juan,,1991-01-27,Cases,26
Flaviviridae,Flavivirus,DENV,AMRO,Puerto Rico,San Juan,,1991-02-03,Cases,34
Flaviviridae,Flavivirus,DENV,AMRO,Puerto Rico,San Juan,,1991-02-10,Cases,37
Flaviviridae,Flavivirus,DENV,AMRO,Puerto Rico,San Juan,,1991-02-17,Cases,17
Flaviviridae,Flavivirus,DENV,AMRO,Puerto Rico,San Juan,,1991-02-24,Cases,19
Flaviviridae,Flavivirus,DENV,AMRO,Puerto Rico,San Juan,,1991-03-03,Cases,25
Flaviviridae,Flavivirus,DENV,AMRO,Puerto Rico,San Juan,,1991-03-10,Cases,18
Flaviviridae,Flavivirus,DENV,AMRO,Puerto Rico,San Juan,,1991-03-17,Cases,21
Flaviviridae,Flavivirus,DENV,AMRO,Puerto Rico,San Juan,,1991-03-24,Cases,17
Flaviviridae,Flavivirus,DENV,AMRO,Puerto Rico,San Juan,,1991-03-31,Cases,17
Flaviviridae,Flavivirus,DENV,AMRO,Puerto Rico,San Juan,,1991-04-07,Cases,16
Flaviviridae,Flavivirus,DENV,AMRO,Puerto Rico,San Juan,,1991-04-14,Cases,16
Flaviviridae,Flavivirus,DENV,AMRO,Puerto Rico,San Juan,,1991-04-21,Cases,15
Flaviviridae,Flavivirus,DENV,AMRO,Puerto Rico,San Juan,,1991-04-28,Cases,23
Flaviviridae,Flavivirus,DENV,AMRO,Puerto Rico,San Juan,,1991-05-05,Cases,16
Flaviviridae,Flavivirus,DENV,AMRO,Puerto Rico,San Juan,,1991-05-12,Cases,17
Flaviviridae,Flavivirus,DENV,AMRO,Puerto Rico,San Juan,,1991-05-19,Cases,12
Flaviviridae,Flavivirus,DENV,AMRO,Puerto Rico,San Juan,,1991-05-26,Cases,17
Flaviviridae,Flavivirus,DENV,AMRO,Puerto Rico,San Juan,,1991-06-02,Cases,10
Flaviviridae,Flavivirus,DENV,AMRO,Puerto Rico,San Juan,,1991-06-09,Cases,15
Flaviviridae,Flavivirus,DENV,AMRO,Puerto Rico,San Juan,,1991-06-16,Cases,19
Flaviviridae,Flavivirus,DENV,AMRO,Puerto Rico,San Juan,,1991-06-23,Cases,21
Flaviviridae,Flavivirus,DENV,AMRO,Puerto Rico,San Juan,,1991-06-30,Cases,14
Flaviviridae,Flavivirus,DENV,AMRO,Puerto Rico,San Juan,,1991-07-07,Cases,18
Flaviviridae,Flavivirus,DENV,AMRO,Puerto Rico,San Juan,,1991-07-14,Cases,13
Flaviviridae,Flavivirus,DENV,AMRO,Puerto Rico,San Juan,,1991-07-21,Cases,14
Flaviviridae,Flavivirus,DENV,AMRO,Puerto Rico,San Juan,,1991-07-28,Cases,18
Flaviviridae,Flavivirus,DENV,AMRO,Puerto Rico,San Juan,,1991-08-04,Cases,23
Flaviviridae,Flavivirus,DENV,AMRO,Puerto Rico,San Juan,,1991-08-11,Cases,25
Flaviviridae,Flavivirus,DENV,AMRO,Puerto Rico,San Juan,,1991-08-18,Cases,62
Flaviviridae,Flavivirus,DENV,AMRO,Puerto Rico,San Juan,,1991-08-25,Cases,60
Flaviviridae,Flavivirus,DENV,AMRO,Puerto Rico,San Juan,,1991-09-01,Cases,76
Flaviviridae,Flavivirus,DENV,AMRO,Puerto Rico,San Juan,,1991-09-08,Cases,66
Flaviviridae,Flavivirus,DENV,AMRO,Puerto Rico,San Juan,,1991-09-15,Cases,64
Flaviviridae,Flavivirus,DENV,AMRO,Puerto Rico,San Juan,,1991-09-22,Cases,68
Flaviviridae,Flavivirus,DENV,AMRO,Puerto Rico,San Juan,,1991-09-29,Cases,89
Flaviviridae,Flavivirus,DENV,AMRO,Puerto Rico,San Juan,,1991-10-06,Cases,92
Flaviviridae,Flavivirus,DENV,AMRO,Puerto Rico,San Juan,,1991-10-13,Cases,140
Flaviviridae,Flavivirus,DENV,AMRO,Puerto Rico,San Juan,,1991-10-20,Cases,116
Flaviviridae,Flavivirus,DENV,AMRO,Puerto Rico,San Juan,,1991-10-27,Cases,142
Flaviviridae,Flavivirus,DENV,AMRO,Puerto Rico,San Juan,,1991-11-03,Cases,129
Flaviviridae,Flavivirus,DENV,AMRO,Puerto Rico,San Juan,,1991-11-10,Cases,140
Flaviviridae,Flavivirus,DENV,AMRO,Puerto Rico,San Juan,,1991-11-17,Cases,140
Flaviviridae,Flavivirus,DENV,AMRO,Puerto Rico,San Juan,,1991-11-24,Cases,127
Flaviviridae,Flavivirus,DENV,AMRO,Puerto Rico,San Juan,,1991-12-01,Cases,129
Flaviviridae,Flavivirus,DENV,AMRO,Puerto Rico,San Juan,,1991-12-08,Cases,169
Flaviviridae,Flavivirus,DENV,AMRO,Puerto Rico,San Juan,,1991-12-15,Cases,141
Flaviviridae,Flavivirus,DENV,AMRO,Puerto Rico,San Juan,,1991-12-22,Cases,108
Flaviviridae,Flavivirus,DENV,AMRO,Puerto Rico,San Juan,,1991-12-29,Cases,78
Flaviviridae,Flavivirus,DENV,AMRO,Puerto Rico,San Juan,,1992-01-05,Cases,70
Flaviviridae,Flavivirus,DENV,AMRO,Puerto Rico,San Juan,,1992-01-12,Cases,81
Flaviviridae,Flavivirus,DENV,AMRO,Puerto Rico,San Juan,,1992-01-19,Cases,104
Flaviviridae,Flavivirus,DENV,AMRO,Puerto Rico,San Juan,,1992-01-26,Cases,90
Flaviviridae,Flavivirus,DENV,AMRO,Puerto Rico,San Juan,,1992-02-02,Cases,85
Flaviviridae,Flavivirus,DENV,AMRO,Puerto Rico,San Juan,,1992-02-09,Cases,55
Flaviviridae,Flavivirus,DENV,AMRO,Puerto Rico,San Juan,,1992-02-16,Cases,53
Flaviviridae,Flavivirus,DENV,AMRO,Puerto Rico,San Juan,,1992-02-23,Cases,65
Flaviviridae,Flavivirus,DENV,AMRO,Puerto Rico,San Juan,,1992-03-01,Cases,33
Flaviviridae,Flavivirus,DENV,AMRO,Puerto Rico,San Juan,,1992-03-08,Cases,38
Flaviviridae,Flavivirus,DENV,AMRO,Puerto Rico,San Juan,,1992-03-15,Cases,59
Flaviviridae,Flavivirus,DENV,AMRO,Puerto Rico,San Juan,,1992-03-22,Cases,40
Flaviviridae,Flavivirus,DENV,AMRO,Puerto Rico,San Juan,,1992-03-29,Cases,37
Flaviviridae,Flavivirus,DENV,AMRO,Puerto Rico,San Juan,,1992-04-05,Cases,29
Flaviviridae,Flavivirus,DENV,AMRO,Puerto Rico,San Juan,,1992-04-12,Cases,30
Flaviviridae,Flavivirus,DENV,AMRO,Puerto Rico,San Juan,,1992-04-19,Cases,30
Flaviviridae,Flavivirus,DENV,AMRO,Puerto Rico,San Juan,,1992-04-26,Cases,28
Flaviviridae,Flavivirus,DENV,AMRO,Puerto Rico,San Juan,,1992-05-03,Cases,23
Flaviviridae,Flavivirus,DENV,AMRO,Puerto Rico,San Juan,,1992-05-10,Cases,24
Flaviviridae,Flavivirus,DENV,AMRO,Puerto Rico,San Juan,,1992-05-17,Cases,29
Flaviviridae,Flavivirus,DENV,AMRO,Puerto Rico,San Juan,,1992-05-24,Cases,26
Flaviviridae,Flavivirus,DENV,AMRO,Puerto Rico,San Juan,,1992-05-31,Cases,23
Flaviviridae,Flavivirus,DENV,AMRO,Puerto Rico,San Juan,,1992-06-07,Cases,20
Flaviviridae,Flavivirus,DENV,AMRO,Puerto Rico,San Juan,,1992-06-14,Cases,19
Flaviviridae,Flavivirus,DENV,AMRO,Puerto Rico,San Juan,,1992-06-21,Cases,20
Flaviviridae,Flavivirus,DENV,AMRO,Puerto Rico,San Juan,,1992-06-28,Cases,26
Flaviviridae,Flavivirus,DENV,AMRO,Puerto Rico,San Juan,,1992-07-05,Cases,29
Flaviviridae,Flavivirus,DENV,AMRO,Puerto Rico,San Juan,,1992-07-12,Cases,31
Flaviviridae,Flavivirus,DENV,AMRO,Puerto Rico,San Juan,,1992-07-19,Cases,28
Flaviviridae,Flavivirus,DENV,AMRO,Puerto Rico,San Juan,,1992-07-26,Cases,26
Flaviviridae,Flavivirus,DENV,AMRO,Puerto Rico,San Juan,,1992-08-02,Cases,32
Flaviviridae,Flavivirus,DENV,AMRO,Puerto Rico,San Juan,,1992-08-09,Cases,35
Flaviviridae,Flavivirus,DENV,AMRO,Puerto Rico,San Juan,,1992-08-16,Cases,33
Flaviviridae,Flavivirus,DENV,AMRO,Puerto Rico,San Juan,,1992-08-23,Cases,30
Flaviviridae,Flavivirus,DENV,AMRO,Puerto Rico,San Juan,,1992-08-30,Cases,52
Flaviviridae,Flavivirus,DENV,AMRO,Puerto Rico,San Juan,,1992-09-06,Cases,59
Flaviviridae,Flavivirus,DENV,AMRO,Puerto Rico,San Juan,,1992-09-13,Cases,67
Flaviviridae,Flavivirus,DENV,AMRO,Puerto Rico,San Juan,,1992-09-20,Cases,65
Flaviviridae,Flavivirus,DENV,AMRO,Puerto Rico,San Juan,,1992-09-27,Cases,74
Flaviviridae,Flavivirus,DENV,AMRO,Puerto Rico,San Juan,,1992-10-04,Cases,70
Flaviviridae,Flavivirus,DENV,AMRO,Puerto Rico,San Juan,,1992-10-11,Cases,61
Flaviviridae,Flavivirus,DENV,AMRO,Puerto Rico,San Juan,,1992-10-18,Cases,53
Flaviviridae,Flavivirus,DENV,AMRO,Puerto Rico,San Juan,,1992-10-25,Cases,76
Flaviviridae,Flavivirus,DENV,AMRO,Puerto Rico,San Juan,,1992-11-01,Cases,61
Flaviviridae,Flavivirus,DENV,AMRO,Puerto Rico,San Juan,,1992-11-08,Cases,57
Flaviviridae,Flavivirus,DENV,AMRO,Puerto Rico,San Juan,,1992-11-15,Cases,44
Flaviviridae,Flavivirus,DENV,AMRO,Puerto Rico,San Juan,,1992-11-22,Cases,34
Flaviviridae,Flavivirus,DENV,AMRO,Puerto Rico,San Juan,,1992-11-29,Cases,47
Flaviviridae,Flavivirus,DENV,AMRO,Puerto Rico,San Juan,,1992-12-06,Cases,60
Flaviviridae,Flavivirus,DENV,AMRO,Puerto Rico,San Juan,,1992-12-13,Cases,60
Flaviviridae,Flavivirus,DENV,AMRO,Puerto Rico,San Juan,,1992-12-20,Cases,53
Flaviviridae,Flavivirus,DENV,AMRO,Puerto Rico,San Juan,,1992-12-27,Cases,36
Flaviviridae,Flavivirus,DENV,AMRO,Puerto Rico,San Juan,,1993-01-03,Cases,31
Flaviviridae,Flavivirus,DENV,AMRO,Puerto Rico,San Juan,,1994-01-09,Cases,30
Flaviviridae,Flavivirus,DENV,AMRO,Puerto Rico,San Juan,,1993-01-10,Cases,32
Flaviviridae,Flavivirus,DENV,AMRO,Puerto Rico,San Juan,,1993-01-17,Cases,28
Flaviviridae,Flavivirus,DENV,AMRO,Puerto Rico,San Juan,,1993-01-24,Cases,33
Flaviviridae,Flavivirus,DENV,AMRO,Puerto Rico,San Juan,,1993-01-31,Cases,33
Flaviviridae,Flavivirus,DENV,AMRO,Puerto Rico,San Juan,,1993-02-07,Cases,35
Flaviviridae,Flavivirus,DENV,AMRO,Puerto Rico,San Juan,,1993-02-14,Cases,22
Flaviviridae,Flavivirus,DENV,AMRO,Puerto Rico,San Juan,,1993-02-21,Cases,13
Flaviviridae,Flavivirus,DENV,AMRO,Puerto Rico,San Juan,,1993-02-28,Cases,13
Flaviviridae,Flavivirus,DENV,AMRO,Puerto Rico,San Juan,,1993-03-07,Cases,21
Flaviviridae,Flavivirus,DENV,AMRO,Puerto Rico,San Juan,,1993-03-14,Cases,17
Flaviviridae,Flavivirus,DENV,AMRO,Puerto Rico,San Juan,,1993-03-21,Cases,11
Flaviviridae,Flavivirus,DENV,AMRO,Puerto Rico,San Juan,,1993-03-28,Cases,8
Flaviviridae,Flavivirus,DENV,AMRO,Puerto Rico,San Juan,,1993-04-04,Cases,8
Flaviviridae,Flavivirus,DENV,AMRO,Puerto Rico,San Juan,,1993-04-11,Cases,6
Flaviviridae,Flavivirus,DENV,AMRO,Puerto Rico,San Juan,,1993-04-18,Cases,6
Flaviviridae,Flavivirus,DENV,AMRO,Puerto Rico,San Juan,,1993-04-25,Cases,7
Flaviviridae,Flavivirus,DENV,AMRO,Puerto Rico,San Juan,,1993-05-02,Cases,12
Flaviviridae,Flavivirus,DENV,AMRO,Puerto Rico,San Juan,,1993-05-09,Cases,17
Flaviviridae,Flavivirus,DENV,AMRO,Puerto Rico,San Juan,,1993-05-16,Cases,10
Flaviviridae,Flavivirus,DENV,AMRO,Puerto Rico,San Juan,,1993-05-23,Cases,10
Flaviviridae,Flavivirus,DENV,AMRO,Puerto Rico,San Juan,,1993-05-30,Cases,18
Flaviviridae,Flavivirus,DENV,AMRO,Puerto Rico,San Juan,,1993-06-06,Cases,19
Flaviviridae,Flavivirus,DENV,AMRO,Puerto Rico,San Juan,,1993-06-13,Cases,12
Flaviviridae,Flavivirus,DENV,AMRO,Puerto Rico,San Juan,,1993-06-20,Cases,22
Flaviviridae,Flavivirus,DENV,AMRO,Puerto Rico,San Juan,,1993-06-27,Cases,12
Flaviviridae,Flavivirus,DENV,AMRO,Puerto Rico,San Juan,,1993-07-04,Cases,21
Flaviviridae,Flavivirus,DENV,AMRO,Puerto Rico,San Juan,,1993-07-11,Cases,18
Flaviviridae,Flavivirus,DENV,AMRO,Puerto Rico,San Juan,,1993-07-18,Cases,16
Flaviviridae,Flavivirus,DENV,AMRO,Puerto Rico,San Juan,,1993-07-25,Cases,16
Flaviviridae,Flavivirus,DENV,AMRO,Puerto Rico,San Juan,,1993-08-01,Cases,22
Flaviviridae,Flavivirus,DENV,AMRO,Puerto Rico,San Juan,,1993-08-08,Cases,17
Flaviviridae,Flavivirus,DENV,AMRO,Puerto Rico,San Juan,,1993-08-15,Cases,25
Flaviviridae,Flavivirus,DENV,AMRO,Puerto Rico,San Juan,,1993-08-22,Cases,23
Flaviviridae,Flavivirus,DENV,AMRO,Puerto Rico,San Juan,,1993-08-29,Cases,12
Flaviviridae,Flavivirus,DENV,AMRO,Puerto Rico,San Juan,,1993-09-05,Cases,25
Flaviviridae,Flavivirus,DENV,AMRO,Puerto Rico,San Juan,,1993-09-12,Cases,28
Flaviviridae,Flavivirus,DENV,AMRO,Puerto Rico,San Juan,,1993-09-19,Cases,27
Flaviviridae,Flavivirus,DENV,AMRO,Puerto Rico,San Juan,,1993-09-26,Cases,18
Flaviviridae,Flavivirus,DENV,AMRO,Puerto Rico,San Juan,,1993-10-03,Cases,23
Flaviviridae,Flavivirus,DENV,AMRO,Puerto Rico,San Juan,,1993-10-10,Cases,23
Flaviviridae,Flavivirus,DENV,AMRO,Puerto Rico,San Juan,,1993-10-17,Cases,29
Flaviviridae,Flavivirus,DENV,AMRO,Puerto Rico,San Juan,,1993-10-24,Cases,38
Flaviviridae,Flavivirus,DENV,AMRO,Puerto Rico,San Juan,,1993-10-31,Cases,36
Flaviviridae,Flavivirus,DENV,AMRO,Puerto Rico,San Juan,,1993-11-07,Cases,43
Flaviviridae,Flavivirus,DENV,AMRO,Puerto Rico,San Juan,,1993-11-14,Cases,46
Flaviviridae,Flavivirus,DENV,AMRO,Puerto Rico,San Juan,,1993-11-21,Cases,31
Flaviviridae,Flavivirus,DENV,AMRO,Puerto Rico,San Juan,,1993-11-28,Cases,25
Flaviviridae,Flavivirus,DENV,AMRO,Puerto Rico,San Juan,,1993-12-05,Cases,40
Flaviviridae,Flavivirus,DENV,AMRO,Puerto Rico,San Juan,,1993-12-12,Cases,31
Flaviviridae,Flavivirus,DENV,AMRO,Puerto Rico,San Juan,,1993-12-19,Cases,38
Flaviviridae,Flavivirus,DENV,AMRO,Puerto Rico,San Juan,,1993-12-26,Cases,30
Flaviviridae,Flavivirus,DENV,AMRO,Puerto Rico,San Juan,,1995-01-01,Cases,22
Flaviviridae,Flavivirus,DENV,AMRO,Puerto Rico,San Juan,,1994-01-09,Cases,31
Flaviviridae,Flavivirus,DENV,AMRO,Puerto Rico,San Juan,,1994-01-16,Cases,26
Flaviviridae,Flavivirus,DENV,AMRO,Puerto Rico,San Juan,,1994-01-23,Cases,35
Flaviviridae,Flavivirus,DENV,AMRO,Puerto Rico,San Juan,,1994-01-30,Cases,36
Flaviviridae,Flavivirus,DENV,AMRO,Puerto Rico,San Juan,,1994-02-06,Cases,39
Flaviviridae,Flavivirus,DENV,AMRO,Puerto Rico,San Juan,,1994-02-13,Cases,25
Flaviviridae,Flavivirus,DENV,AMRO,Puerto Rico,San Juan,,1994-02-20,Cases,31
Flaviviridae,Flavivirus,DENV,AMRO,Puerto Rico,San Juan,,1994-02-27,Cases,37
Flaviviridae,Flavivirus,DENV,AMRO,Puerto Rico,San Juan,,1994-03-06,Cases,33
Flaviviridae,Flavivirus,DENV,AMRO,Puerto Rico,San Juan,,1994-03-13,Cases,25
Flaviviridae,Flavivirus,DENV,AMRO,Puerto Rico,San Juan,,1994-03-20,Cases,24
Flaviviridae,Flavivirus,DENV,AMRO,Puerto Rico,San Juan,,1994-03-27,Cases,18
Flaviviridae,Flavivirus,DENV,AMRO,Puerto Rico,San Juan,,1994-04-03,Cases,23
Flaviviridae,Flavivirus,DENV,AMRO,Puerto Rico,San Juan,,1994-04-10,Cases,13
Flaviviridae,Flavivirus,DENV,AMRO,Puerto Rico,San Juan,,1994-04-17,Cases,18
Flaviviridae,Flavivirus,DENV,AMRO,Puerto Rico,San Juan,,1994-04-24,Cases,14
Flaviviridae,Flavivirus,DENV,AMRO,Puerto Rico,San Juan,,1994-05-01,Cases,17
Flaviviridae,Flavivirus,DENV,AMRO,Puerto Rico,San Juan,,1994-05-08,Cases,22
Flaviviridae,Flavivirus,DENV,AMRO,Puerto Rico,San Juan,,1994-05-15,Cases,13
Flaviviridae,Flavivirus,DENV,AMRO,Puerto Rico,San Juan,,1994-05-22,Cases,24
Flaviviridae,Flavivirus,DENV,AMRO,Puerto Rico,San Juan,,1994-05-29,Cases,31
Flaviviridae,Flavivirus,DENV,AMRO,Puerto Rico,San Juan,,1994-06-05,Cases,34
Flaviviridae,Flavivirus,DENV,AMRO,Puerto Rico,San Juan,,1994-06-12,Cases,31
Flaviviridae,Flavivirus,DENV,AMRO,Puerto Rico,San Juan,,1994-06-19,Cases,31
Flaviviridae,Flavivirus,DENV,AMRO,Puerto Rico,San Juan,,1994-06-26,Cases,38
Flaviviridae,Flavivirus,DENV,AMRO,Puerto Rico,San Juan,,1994-07-03,Cases,49
Flaviviridae,Flavivirus,DENV,AMRO,Puerto Rico,San Juan,,1994-07-10,Cases,42
Flaviviridae,Flavivirus,DENV,AMRO,Puerto Rico,San Juan,,1994-07-17,Cases,49
Flaviviridae,Flavivirus,DENV,AMRO,Puerto Rico,San Juan,,1994-07-24,Cases,55
Flaviviridae,Flavivirus,DENV,AMRO,Puerto Rico,San Juan,,1994-07-31,Cases,80
Flaviviridae,Flavivirus,DENV,AMRO,Puerto Rico,San Juan,,1994-08-07,Cases,84
Flaviviridae,Flavivirus,DENV,AMRO,Puerto Rico,San Juan,,1994-08-14,Cases,72
Flaviviridae,Flavivirus,DENV,AMRO,Puerto Rico,San Juan,,1994-08-21,Cases,89
Flaviviridae,Flavivirus,DENV,AMRO,Puerto Rico,San Juan,,1994-08-28,Cases,115
Flaviviridae,Flavivirus,DENV,AMRO,Puerto Rico,San Juan,,1994-09-04,Cases,179
Flaviviridae,Flavivirus,DENV,AMRO,Puerto Rico,San Juan,,1994-09-11,Cases,202
Flaviviridae,Flavivirus,DENV,AMRO,Puerto Rico,San Juan,,1994-09-18,Cases,272
Flaviviridae,Flavivirus,DENV,AMRO,Puerto Rico,San Juan,,1994-09-25,Cases,302
Flaviviridae,Flavivirus,DENV,AMRO,Puerto Rico,San Juan,,1994-10-02,Cases,395
Flaviviridae,Flavivirus,DENV,AMRO,Puerto Rico,San Juan,,1994-10-09,Cases,426
Flaviviridae,Flavivirus,DENV,AMRO,Puerto Rico,San Juan,,1994-10-16,Cases,461
Flaviviridae,Flavivirus,DENV,AMRO,Puerto Rico,San Juan,,1994-10-23,Cases,381
Flaviviridae,Flavivirus,DENV,AMRO,Puerto Rico,San Juan,,1994-10-30,Cases,333
Flaviviridae,Flavivirus,DENV,AMRO,Puerto Rico,San Juan,,1994-11-06,Cases,353
Flaviviridae,Flavivirus,DENV,AMRO,Puerto Rico,San Juan,,1994-11-13,Cases,410
Flaviviridae,Flavivirus,DENV,AMRO,Puerto Rico,San Juan,,1994-11-20,Cases,364
Flaviviridae,Flavivirus,DENV,AMRO,Puerto Rico,San Juan,,1994-11-27,Cases,359
Flaviviridae,Flavivirus,DENV,AMRO,Puerto Rico,San Juan,,1994-12-04,Cases,288
Flaviviridae,Flavivirus,DENV,AMRO,Puerto Rico,San Juan,,1994-12-11,Cases,221
Flaviviridae,Flavivirus,DENV,AMRO,Puerto Rico,San Juan,,1994-12-18,Cases,149
Flaviviridae,Flavivirus,DENV,AMRO,Puerto Rico,San Juan,,1994-12-25,Cases,112
Flaviviridae,Flavivirus,DENV,AMRO,Puerto Rico,San Juan,,1995-01-01,Cases,154
Flaviviridae,Flavivirus,DENV,AMRO,Puerto Rico,San Juan,,1995-01-08,Cases,91
Flaviviridae,Flavivirus,DENV,AMRO,Puerto Rico,San Juan,,1995-01-15,Cases,72
Flaviviridae,Flavivirus,DENV,AMRO,Puerto Rico,San Juan,,1995-01-22,Cases,56
Flaviviridae,Flavivirus,DENV,AMRO,Puerto Rico,San Juan,,1995-01-29,Cases,46
Flaviviridae,Flavivirus,DENV,AMRO,Puerto Rico,San Juan,,1995-02-05,Cases,37
Flaviviridae,Flavivirus,DENV,AMRO,Puerto Rico,San Juan,,1995-02-12,Cases,26
Flaviviridae,Flavivirus,DENV,AMRO,Puerto Rico,San Juan,,1995-02-19,Cases,17
Flaviviridae,Flavivirus,DENV,AMRO,Puerto Rico,San Juan,,1995-02-26,Cases,17
Flaviviridae,Flavivirus,DENV,AMRO,Puerto Rico,San Juan,,1995-03-05,Cases,20
Flaviviridae,Flavivirus,DENV,AMRO,Puerto Rico,San Juan,,1995-03-12,Cases,11
Flaviviridae,Flavivirus,DENV,AMRO,Puerto Rico,San Juan,,1995-03-19,Cases,7
Flaviviridae,Flavivirus,DENV,AMRO,Puerto Rico,San Juan,,1995-03-26,Cases,16
Flaviviridae,Flavivirus,DENV,AMRO,Puerto Rico,San Juan,,1995-04-02,Cases,14
Flaviviridae,Flavivirus,DENV,AMRO,Puerto Rico,San Juan,,1995-04-09,Cases,16
Flaviviridae,Flavivirus,DENV,AMRO,Puerto Rico,San Juan,,1995-04-16,Cases,5
Flaviviridae,Flavivirus,DENV,AMRO,Puerto Rico,San Juan,,1995-04-23,Cases,2
Flaviviridae,Flavivirus,DENV,AMRO,Puerto Rico,San Juan,,1995-04-30,Cases,6
Flaviviridae,Flavivirus,DENV,AMRO,Puerto Rico,San Juan,,1995-05-07,Cases,5
Flaviviridae,Flavivirus,DENV,AMRO,Puerto Rico,San Juan,,1995-05-14,Cases,4
Flaviviridae,Flavivirus,DENV,AMRO,Puerto Rico,San Juan,,1995-05-21,Cases,3
Flaviviridae,Flavivirus,DENV,AMRO,Puerto Rico,San Juan,,1995-05-28,Cases,4
Flaviviridae,Flavivirus,DENV,AMRO,Puerto Rico,San Juan,,1995-06-04,Cases,16
Flaviviridae,Flavivirus,DENV,AMRO,Puerto Rico,San Juan,,1995-06-11,Cases,8
Flaviviridae,Flavivirus,DENV,AMRO,Puerto Rico,San Juan,,1995-06-18,Cases,7
Flaviviridae,Flavivirus,DENV,AMRO,Puerto Rico,San Juan,,1995-06-25,Cases,10
Flaviviridae,Flavivirus,DENV,AMRO,Puerto Rico,San Juan,,1995-07-02,Cases,14
Flaviviridae,Flavivirus,DENV,AMRO,Puerto Rico,San Juan,,1995-07-09,Cases,7
Flaviviridae,Flavivirus,DENV,AMRO,Puerto Rico,San Juan,,1995-07-16,Cases,9
Flaviviridae,Flavivirus,DENV,AMRO,Puerto Rico,San Juan,,1995-07-23,Cases,11
Flaviviridae,Flavivirus,DENV,AMRO,Puerto Rico,San Juan,,1995-07-30,Cases,23
Flaviviridae,Flavivirus,DENV,AMRO,Puerto Rico,San Juan,,1995-08-06,Cases,17
Flaviviridae,Flavivirus,DENV,AMRO,Puerto Rico,San Juan,,1995-08-13,Cases,19
Flaviviridae,Flavivirus,DENV,AMRO,Puerto Rico,San Juan,,1995-08-20,Cases,24
Flaviviridae,Flavivirus,DENV,AMRO,Puerto Rico,San Juan,,1995-08-27,Cases,17
Flaviviridae,Flavivirus,DENV,AMRO,Puerto Rico,San Juan,,1995-09-03,Cases,28
Flaviviridae,Flavivirus,DENV,AMRO,Puerto Rico,San Juan,,1995-09-10,Cases,40
Flaviviridae,Flavivirus,DENV,AMRO,Puerto Rico,San Juan,,1995-09-17,Cases,33
Flaviviridae,Flavivirus,DENV,AMRO,Puerto Rico,San Juan,,1995-09-24,Cases,31
Flaviviridae,Flavivirus,DENV,AMRO,Puerto Rico,San Juan,,1995-10-01,Cases,33
Flaviviridae,Flavivirus,DENV,AMRO,Puerto Rico,San Juan,,1995-10-08,Cases,29
Flaviviridae,Flavivirus,DENV,AMRO,Puerto Rico,San Juan,,1995-10-15,Cases,30
Flaviviridae,Flavivirus,DENV,AMRO,Puerto Rico,San Juan,,1995-10-22,Cases,36
Flaviviridae,Flavivirus,DENV,AMRO,Puerto Rico,San Juan,,1995-10-29,Cases,48
Flaviviridae,Flavivirus,DENV,AMRO,Puerto Rico,San Juan,,1995-11-05,Cases,40
Flaviviridae,Flavivirus,DENV,AMRO,Puerto Rico,San Juan,,1995-11-12,Cases,28
Flaviviridae,Flavivirus,DENV,AMRO,Puerto Rico,San Juan,,1995-11-19,Cases,36
Flaviviridae,Flavivirus,DENV,AMRO,Puerto Rico,San Juan,,1995-11-26,Cases,19
Flaviviridae,Flavivirus,DENV,AMRO,Puerto Rico,San Juan,,1995-12-03,Cases,34
Flaviviridae,Flavivirus,DENV,AMRO,Puerto Rico,San Juan,,1995-12-10,Cases,23
Flaviviridae,Flavivirus,DENV,AMRO,Puerto Rico,San Juan,,1995-12-17,Cases,17
Flaviviridae,Flavivirus,DENV,AMRO,Puerto Rico,San Juan,,1995-12-24,Cases,17
Flaviviridae,Flavivirus,DENV,AMRO,Puerto Rico,San Juan,,1996-01-07,Cases,23
Flaviviridae,Flavivirus,DENV,AMRO,Puerto Rico,San Juan,,1996-01-14,Cases,14
Flaviviridae,Flavivirus,DENV,AMRO,Puerto Rico,San Juan,,1996-01-21,Cases,20
Flaviviridae,Flavivirus,DENV,AMRO,Puerto Rico,San Juan,,1996-01-28,Cases,13
Flaviviridae,Flavivirus,DENV,AMRO,Puerto Rico,San Juan,,1996-02-04,Cases,23
Flaviviridae,Flavivirus,DENV,AMRO,Puerto Rico,San Juan,,1996-02-11,Cases,20
Flaviviridae,Flavivirus,DENV,AMRO,Puerto Rico,San Juan,,1996-02-18,Cases,16
Flaviviridae,Flavivirus,DENV,AMRO,Puerto Rico,San Juan,,1996-02-25,Cases,16
Flaviviridae,Flavivirus,DENV,AMRO,Puerto Rico,San Juan,,1996-03-03,Cases,23
Flaviviridae,Flavivirus,DENV,AMRO,Puerto Rico,San Juan,,1996-03-10,Cases,14
Flaviviridae,Flavivirus,DENV,AMRO,Puerto Rico,San Juan,,1996-03-17,Cases,15
Flaviviridae,Flavivirus,DENV,AMRO,Puerto Rico,San Juan,,1996-03-24,Cases,4
Flaviviridae,Flavivirus,DENV,AMRO,Puerto Rico,San Juan,,1996-03-31,Cases,5
Flaviviridae,Flavivirus,DENV,AMRO,Puerto Rico,San Juan,,1996-04-07,Cases,5
Flaviviridae,Flavivirus,DENV,AMRO,Puerto Rico,San Juan,,1996-04-14,Cases,11
Flaviviridae,Flavivirus,DENV,AMRO,Puerto Rico,San Juan,,1996-04-21,Cases,11
Flaviviridae,Flavivirus,DENV,AMRO,Puerto Rico,San Juan,,1996-04-28,Cases,7
Flaviviridae,Flavivirus,DENV,AMRO,Puerto Rico,San Juan,,1996-05-05,Cases,4
Flaviviridae,Flavivirus,DENV,AMRO,Puerto Rico,San Juan,,1996-05-12,Cases,6
Flaviviridae,Flavivirus,DENV,AMRO,Puerto Rico,San Juan,,1996-05-19,Cases,5
Flaviviridae,Flavivirus,DENV,AMRO,Puerto Rico,San Juan,,1996-05-26,Cases,2
Flaviviridae,Flavivirus,DENV,AMRO,Puerto Rico,San Juan,,1996-06-02,Cases,4
Flaviviridae,Flavivirus,DENV,AMRO,Puerto Rico,San Juan,,1996-06-09,Cases,2
Flaviviridae,Flavivirus,DENV,AMRO,Puerto Rico,San Juan,,1996-06-16,Cases,4
Flaviviridae,Flavivirus,DENV,AMRO,Puerto Rico,San Juan,,1996-06-23,Cases,6
Flaviviridae,Flavivirus,DENV,AMRO,Puerto Rico,San Juan,,1996-06-30,Cases,6
Flaviviridae,Flavivirus,DENV,AMRO,Puerto Rico,San Juan,,1996-07-07,Cases,4
Flaviviridae,Flavivirus,DENV,AMRO,Puerto Rico,San Juan,,1996-07-14,Cases,6
Flaviviridae,Flavivirus,DENV,AMRO,Puerto Rico,San Juan,,1996-07-21,Cases,11
Flaviviridae,Flavivirus,DENV,AMRO,Puerto Rico,San Juan,,1996-07-28,Cases,16
Flaviviridae,Flavivirus,DENV,AMRO,Puerto Rico,San Juan,,1996-08-04,Cases,9
Flaviviridae,Flavivirus,DENV,AMRO,Puerto Rico,San Juan,,1996-08-11,Cases,12
Flaviviridae,Flavivirus,DENV,AMRO,Puerto Rico,San Juan,,1996-08-18,Cases,13
Flaviviridae,Flavivirus,DENV,AMRO,Puerto Rico,San Juan,,1996-08-25,Cases,27
Flaviviridae,Flavivirus,DENV,AMRO,Puerto Rico,San Juan,,1996-09-01,Cases,21
Flaviviridae,Flavivirus,DENV,AMRO,Puerto Rico,San Juan,,1996-09-08,Cases,19
Flaviviridae,Flavivirus,DENV,AMRO,Puerto Rico,San Juan,,1996-09-15,Cases,17
Flaviviridae,Flavivirus,DENV,AMRO,Puerto Rico,San Juan,,1996-09-22,Cases,24
Flaviviridae,Flavivirus,DENV,AMRO,Puerto Rico,San Juan,,1996-09-29,Cases,27
Flaviviridae,Flavivirus,DENV,AMRO,Puerto Rico,San Juan,,1996-10-06,Cases,30
Flaviviridae,Flavivirus,DENV,AMRO,Puerto Rico,San Juan,,1996-10-13,Cases,29
Flaviviridae,Flavivirus,DENV,AMRO,Puerto Rico,San Juan,,1996-10-20,Cases,25
Flaviviridae,Flavivirus,DENV,AMRO,Puerto Rico,San Juan,,1996-10-27,Cases,35
Flaviviridae,Flavivirus,DENV,AMRO,Puerto Rico,San Juan,,1996-11-03,Cases,33
Flaviviridae,Flavivirus,DENV,AMRO,Puerto Rico,San Juan,,1996-11-10,Cases,30
Flaviviridae,Flavivirus,DENV,AMRO,Puerto Rico,San Juan,,1996-11-17,Cases,29
Flaviviridae,Flavivirus,DENV,AMRO,Puerto Rico,San Juan,,1996-11-24,Cases,31
Flaviviridae,Flavivirus,DENV,AMRO,Puerto Rico,San Juan,,1996-12-01,Cases,29
Flaviviridae,Flavivirus,DENV,AMRO,Puerto Rico,San Juan,,1996-12-08,Cases,22
Flaviviridae,Flavivirus,DENV,AMRO,Puerto Rico,San Juan,,1996-12-15,Cases,27
Flaviviridae,Flavivirus,DENV,AMRO,Puerto Rico,San Juan,,1996-12-22,Cases,24
Flaviviridae,Flavivirus,DENV,AMRO,Puerto Rico,San Juan,,1996-12-29,Cases,26
Flaviviridae,Flavivirus,DENV,AMRO,Puerto Rico,San Juan,,1997-01-12,Cases,29
Flaviviridae,Flavivirus,DENV,AMRO,Puerto Rico,San Juan,,1997-01-19,Cases,22
Flaviviridae,Flavivirus,DENV,AMRO,Puerto Rico,San Juan,,1997-01-26,Cases,33
Flaviviridae,Flavivirus,DENV,AMRO,Puerto Rico,San Juan,,1997-02-02,Cases,24
Flaviviridae,Flavivirus,DENV,AMRO,Puerto Rico,San Juan,,1997-02-09,Cases,30
Flaviviridae,Flavivirus,DENV,AMRO,Puerto Rico,San Juan,,1997-02-16,Cases,20
Flaviviridae,Flavivirus,DENV,AMRO,Puerto Rico,San Juan,,1997-02-23,Cases,17
Flaviviridae,Flavivirus,DENV,AMRO,Puerto Rico,San Juan,,1997-03-02,Cases,24
Flaviviridae,Flavivirus,DENV,AMRO,Puerto Rico,San Juan,,1997-03-09,Cases,28
Flaviviridae,Flavivirus,DENV,AMRO,Puerto Rico,San Juan,,1997-03-16,Cases,18
Flaviviridae,Flavivirus,DENV,AMRO,Puerto Rico,San Juan,,1997-03-23,Cases,13
Flaviviridae,Flavivirus,DENV,AMRO,Puerto Rico,San Juan,,1997-03-30,Cases,9
Flaviviridae,Flavivirus,DENV,AMRO,Puerto Rico,San Juan,,1997-04-06,Cases,14
Flaviviridae,Flavivirus,DENV,AMRO,Puerto Rico,San Juan,,1997-04-13,Cases,11
Flaviviridae,Flavivirus,DENV,AMRO,Puerto Rico,San Juan,,1997-04-20,Cases,11
Flaviviridae,Flavivirus,DENV,AMRO,Puerto Rico,San Juan,,1997-04-27,Cases,19
Flaviviridae,Flavivirus,DENV,AMRO,Puerto Rico,San Juan,,1997-05-04,Cases,10
Flaviviridae,Flavivirus,DENV,AMRO,Puerto Rico,San Juan,,1997-05-11,Cases,8
Flaviviridae,Flavivirus,DENV,AMRO,Puerto Rico,San Juan,,1997-05-18,Cases,8
Flaviviridae,Flavivirus,DENV,AMRO,Puerto Rico,San Juan,,1997-05-25,Cases,9
Flaviviridae,Flavivirus,DENV,AMRO,Puerto Rico,San Juan,,1997-06-01,Cases,3
Flaviviridae,Flavivirus,DENV,AMRO,Puerto Rico,San Juan,,1997-06-08,Cases,7
Flaviviridae,Flavivirus,DENV,AMRO,Puerto Rico,San Juan,,1997-06-15,Cases,14
Flaviviridae,Flavivirus,DENV,AMRO,Puerto Rico,San Juan,,1997-06-22,Cases,4
Flaviviridae,Flavivirus,DENV,AMRO,Puerto Rico,San Juan,,1997-06-29,Cases,9
Flaviviridae,Flavivirus,DENV,AMRO,Puerto Rico,San Juan,,1997-07-06,Cases,14
Flaviviridae,Flavivirus,DENV,AMRO,Puerto Rico,San Juan,,1997-07-13,Cases,7
Flaviviridae,Flavivirus,DENV,AMRO,Puerto Rico,San Juan,,1997-07-20,Cases,9
Flaviviridae,Flavivirus,DENV,AMRO,Puerto Rico,San Juan,,1997-07-27,Cases,3
Flaviviridae,Flavivirus,DENV,AMRO,Puerto Rico,San Juan,,1997-08-03,Cases,3
Flaviviridae,Flavivirus,DENV,AMRO,Puerto Rico,San Juan,,1997-08-10,Cases,14
Flaviviridae,Flavivirus,DENV,AMRO,Puerto Rico,San Juan,,1997-08-17,Cases,12
Flaviviridae,Flavivirus,DENV,AMRO,Puerto Rico,San Juan,,1997-08-24,Cases,10
Flaviviridae,Flavivirus,DENV,AMRO,Puerto Rico,San Juan,,1997-08-31,Cases,21
Flaviviridae,Flavivirus,DENV,AMRO,Puerto Rico,San Juan,,1997-09-07,Cases,26
Flaviviridae,Flavivirus,DENV,AMRO,Puerto Rico,San Juan,,1997-09-14,Cases,47
Flaviviridae,Flavivirus,DENV,AMRO,Puerto Rico,San Juan,,1997-09-21,Cases,42
Flaviviridae,Flavivirus,DENV,AMRO,Puerto Rico,San Juan,,1997-09-28,Cases,31
Flaviviridae,Flavivirus,DENV,AMRO,Puerto Rico,San Juan,,1997-10-05,Cases,34
Flaviviridae,Flavivirus,DENV,AMRO,Puerto Rico,San Juan,,1997-10-12,Cases,33
Flaviviridae,Flavivirus,DENV,AMRO,Puerto Rico,San Juan,,1997-10-19,Cases,52
Flaviviridae,Flavivirus,DENV,AMRO,Puerto Rico,San Juan,,1997-10-26,Cases,56
Flaviviridae,Flavivirus,DENV,AMRO,Puerto Rico,San Juan,,1997-11-02,Cases,70
Flaviviridae,Flavivirus,DENV,AMRO,Puerto Rico,San Juan,,1997-11-09,Cases,112
Flaviviridae,Flavivirus,DENV,AMRO,Puerto Rico,San Juan,,1997-11-16,Cases,70
Flaviviridae,Flavivirus,DENV,AMRO,Puerto Rico,San Juan,,1997-11-23,Cases,47
Flaviviridae,Flavivirus,DENV,AMRO,Puerto Rico,San Juan,,1997-11-30,Cases,48
Flaviviridae,Flavivirus,DENV,AMRO,Puerto Rico,San Juan,,1997-12-07,Cases,49
Flaviviridae,Flavivirus,DENV,AMRO,Puerto Rico,San Juan,,1997-12-14,Cases,66
Flaviviridae,Flavivirus,DENV,AMRO,Puerto Rico,San Juan,,1997-12-21,Cases,56
Flaviviridae,Flavivirus,DENV,AMRO,Puerto Rico,San Juan,,1997-12-28,Cases,61
Flaviviridae,Flavivirus,DENV,AMRO,Puerto Rico,San Juan,,1998-01-04,Cases,67
Flaviviridae,Flavivirus,DENV,AMRO,Puerto Rico,San Juan,,1998-01-11,Cases,64
Flaviviridae,Flavivirus,DENV,AMRO,Puerto Rico,San Juan,,1998-01-18,Cases,68
Flaviviridae,Flavivirus,DENV,AMRO,Puerto Rico,San Juan,,1998-01-25,Cases,49
Flaviviridae,Flavivirus,DENV,AMRO,Puerto Rico,San Juan,,1998-02-01,Cases,50
Flaviviridae,Flavivirus,DENV,AMRO,Puerto Rico,San Juan,,1998-02-08,Cases,56
Flaviviridae,Flavivirus,DENV,AMRO,Puerto Rico,San Juan,,1998-02-15,Cases,75
Flaviviridae,Flavivirus,DENV,AMRO,Puerto Rico,San Juan,,1998-02-22,Cases,63
Flaviviridae,Flavivirus,DENV,AMRO,Puerto Rico,San Juan,,1998-03-01,Cases,62
Flaviviridae,Flavivirus,DENV,AMRO,Puerto Rico,San Juan,,1998-03-08,Cases,41
Flaviviridae,Flavivirus,DENV,AMRO,Puerto Rico,San Juan,,1998-03-15,Cases,50
Flaviviridae,Flavivirus,DENV,AMRO,Puerto Rico,San Juan,,1998-03-22,Cases,34
Flaviviridae,Flavivirus,DENV,AMRO,Puerto Rico,San Juan,,1998-03-29,Cases,31
Flaviviridae,Flavivirus,DENV,AMRO,Puerto Rico,San Juan,,1998-04-05,Cases,38
Flaviviridae,Flavivirus,DENV,AMRO,Puerto Rico,San Juan,,1998-04-12,Cases,30
Flaviviridae,Flavivirus,DENV,AMRO,Puerto Rico,San Juan,,1998-04-19,Cases,32
Flaviviridae,Flavivirus,DENV,AMRO,Puerto Rico,San Juan,,1998-04-26,Cases,26
Flaviviridae,Flavivirus,DENV,AMRO,Puerto Rico,San Juan,,1998-05-03,Cases,30
Flaviviridae,Flavivirus,DENV,AMRO,Puerto Rico,San Juan,,1998-05-10,Cases,36
Flaviviridae,Flavivirus,DENV,AMRO,Puerto Rico,San Juan,,1998-05-17,Cases,35
Flaviviridae,Flavivirus,DENV,AMRO,Puerto Rico,San Juan,,1998-05-24,Cases,46
Flaviviridae,Flavivirus,DENV,AMRO,Puerto Rico,San Juan,,1998-05-31,Cases,48
Flaviviridae,Flavivirus,DENV,AMRO,Puerto Rico,San Juan,,1998-06-07,Cases,44
Flaviviridae,Flavivirus,DENV,AMRO,Puerto Rico,San Juan,,1998-06-14,Cases,51
Flaviviridae,Flavivirus,DENV,AMRO,Puerto Rico,San Juan,,1998-06-21,Cases,59
Flaviviridae,Flavivirus,DENV,AMRO,Puerto Rico,San Juan,,1998-06-28,Cases,71
Flaviviridae,Flavivirus,DENV,AMRO,Puerto Rico,San Juan,,1998-07-05,Cases,102
Flaviviridae,Flavivirus,DENV,AMRO,Puerto Rico,San Juan,,1998-07-12,Cases,128
Flaviviridae,Flavivirus,DENV,AMRO,Puerto Rico,San Juan,,1998-07-19,Cases,127
Flaviviridae,Flavivirus,DENV,AMRO,Puerto Rico,San Juan,,1998-07-26,Cases,150
Flaviviridae,Flavivirus,DENV,AMRO,Puerto Rico,San Juan,,1998-08-02,Cases,191
Flaviviridae,Flavivirus,DENV,AMRO,Puerto Rico,San Juan,,1998-08-09,Cases,256
Flaviviridae,Flavivirus,DENV,AMRO,Puerto Rico,San Juan,,1998-08-16,Cases,329
Flaviviridae,Flavivirus,DENV,AMRO,Puerto Rico,San Juan,,1998-08-23,Cases,263
Flaviviridae,Flavivirus,DENV,AMRO,Puerto Rico,San Juan,,1998-08-30,Cases,220
Flaviviridae,Flavivirus,DENV,AMRO,Puerto Rico,San Juan,,1998-09-06,Cases,204
Flaviviridae,Flavivirus,DENV,AMRO,Puerto Rico,San Juan,,1998-09-13,Cases,181
Flaviviridae,Flavivirus,DENV,AMRO,Puerto Rico,San Juan,,1998-09-20,Cases,99
Flaviviridae,Flavivirus,DENV,AMRO,Puerto Rico,San Juan,,1998-09-27,Cases,54
Flaviviridae,Flavivirus,DENV,AMRO,Puerto Rico,San Juan,,1998-10-04,Cases,80
Flaviviridae,Flavivirus,DENV,AMRO,Puerto Rico,San Juan,,1998-10-11,Cases,102
Flaviviridae,Flavivirus,DENV,AMRO,Puerto Rico,San Juan,,1998-10-18,Cases,127
Flaviviridae,Flavivirus,DENV,AMRO,Puerto Rico,San Juan,,1998-10-25,Cases,73
Flaviviridae,Flavivirus,DENV,AMRO,Puerto Rico,San Juan,,1998-11-01,Cases,68
Flaviviridae,Flavivirus,DENV,AMRO,Puerto Rico,San Juan,,1998-11-08,Cases,64
Flaviviridae,Flavivirus,DENV,AMRO,Puerto Rico,San Juan,,1998-11-15,Cases,55
Flaviviridae,Flavivirus,DENV,AMRO,Puerto Rico,San Juan,,1998-11-22,Cases,67
Flaviviridae,Flavivirus,DENV,AMRO,Puerto Rico,San Juan,,1998-11-29,Cases,84
Flaviviridae,Flavivirus,DENV,AMRO,Puerto Rico,San Juan,,1998-12-06,Cases,85
Flaviviridae,Flavivirus,DENV,AMRO,Puerto Rico,San Juan,,1998-12-13,Cases,67
Flaviviridae,Flavivirus,DENV,AMRO,Puerto Rico,San Juan,,1998-12-20,Cases,73
Flaviviridae,Flavivirus,DENV,AMRO,Puerto Rico,San Juan,,1998-12-27,Cases,89
Flaviviridae,Flavivirus,DENV,AMRO,Puerto Rico,San Juan,,1999-01-03,Cases,68
Flaviviridae,Flavivirus,DENV,AMRO,Puerto Rico,San Juan,,1999-01-10,Cases,59
Flaviviridae,Flavivirus,DENV,AMRO,Puerto Rico,San Juan,,1999-01-10,Cases,56
Flaviviridae,Flavivirus,DENV,AMRO,Puerto Rico,San Juan,,1999-01-17,Cases,77
Flaviviridae,Flavivirus,DENV,AMRO,Puerto Rico,San Juan,,1999-01-24,Cases,75
Flaviviridae,Flavivirus,DENV,AMRO,Puerto Rico,San Juan,,1999-01-31,Cases,47
Flaviviridae,Flavivirus,DENV,AMRO,Puerto Rico,San Juan,,1999-02-07,Cases,50
Flaviviridae,Flavivirus,DENV,AMRO,Puerto Rico,San Juan,,1999-02-14,Cases,42
Flaviviridae,Flavivirus,DENV,AMRO,Puerto Rico,San Juan,,1999-02-21,Cases,28
Flaviviridae,Flavivirus,DENV,AMRO,Puerto Rico,San Juan,,1999-02-28,Cases,37
Flaviviridae,Flavivirus,DENV,AMRO,Puerto Rico,San Juan,,1999-03-07,Cases,37
Flaviviridae,Flavivirus,DENV,AMRO,Puerto Rico,San Juan,,1999-03-14,Cases,27
Flaviviridae,Flavivirus,DENV,AMRO,Puerto Rico,San Juan,,1999-03-21,Cases,12
Flaviviridae,Flavivirus,DENV,AMRO,Puerto Rico,San Juan,,1999-03-28,Cases,15
Flaviviridae,Flavivirus,DENV,AMRO,Puerto Rico,San Juan,,1999-04-04,Cases,22
Flaviviridae,Flavivirus,DENV,AMRO,Puerto Rico,San Juan,,1999-04-11,Cases,8
Flaviviridae,Flavivirus,DENV,AMRO,Puerto Rico,San Juan,,1999-04-18,Cases,15
Flaviviridae,Flavivirus,DENV,AMRO,Puerto Rico,San Juan,,1999-04-25,Cases,17
Flaviviridae,Flavivirus,DENV,AMRO,Puerto Rico,San Juan,,1999-05-02,Cases,10
Flaviviridae,Flavivirus,DENV,AMRO,Puerto Rico,San Juan,,1999-05-09,Cases,9
Flaviviridae,Flavivirus,DENV,AMRO,Puerto Rico,San Juan,,1999-05-16,Cases,11
Flaviviridae,Flavivirus,DENV,AMRO,Puerto Rico,San Juan,,1999-05-23,Cases,20
Flaviviridae,Flavivirus,DENV,AMRO,Puerto Rico,San Juan,,1999-05-30,Cases,13
Flaviviridae,Flavivirus,DENV,AMRO,Puerto Rico,San Juan,,1999-06-06,Cases,11
Flaviviridae,Flavivirus,DENV,AMRO,Puerto Rico,San Juan,,1999-06-13,Cases,16
Flaviviridae,Flavivirus,DENV,AMRO,Puerto Rico,San Juan,,1999-06-20,Cases,11
Flaviviridae,Flavivirus,DENV,AMRO,Puerto Rico,San Juan,,1999-06-27,Cases,7
Flaviviridae,Flavivirus,DENV,AMRO,Puerto Rico,San Juan,,1999-07-04,Cases,17
Flaviviridae,Flavivirus,DENV,AMRO,Puerto Rico,San Juan,,1999-07-11,Cases,14
Flaviviridae,Flavivirus,DENV,AMRO,Puerto Rico,San Juan,,1999-07-18,Cases,13
Flaviviridae,Flavivirus,DENV,AMRO,Puerto Rico,San Juan,,1999-07-25,Cases,15
Flaviviridae,Flavivirus,DENV,AMRO,Puerto Rico,San Juan,,1999-08-01,Cases,30
Flaviviridae,Flavivirus,DENV,AMRO,Puerto Rico,San Juan,,1999-08-08,Cases,25
Flaviviridae,Flavivirus,DENV,AMRO,Puerto Rico,San Juan,,1999-08-15,Cases,40
Flaviviridae,Flavivirus,DENV,AMRO,Puerto Rico,San Juan,,1999-08-22,Cases,44
Flaviviridae,Flavivirus,DENV,AMRO,Puerto Rico,San Juan,,1999-08-29,Cases,25
Flaviviridae,Flavivirus,DENV,AMRO,Puerto Rico,San Juan,,1999-09-05,Cases,21
Flaviviridae,Flavivirus,DENV,AMRO,Puerto Rico,San Juan,,1999-09-12,Cases,48
Flaviviridae,Flavivirus,DENV,AMRO,Puerto Rico,San Juan,,1999-09-19,Cases,56
Flaviviridae,Flavivirus,DENV,AMRO,Puerto Rico,San Juan,,1999-09-26,Cases,60
Flaviviridae,Flavivirus,DENV,AMRO,Puerto Rico,San Juan,,1999-10-03,Cases,45
Flaviviridae,Flavivirus,DENV,AMRO,Puerto Rico,San Juan,,1999-10-10,Cases,55
Flaviviridae,Flavivirus,DENV,AMRO,Puerto Rico,San Juan,,1999-10-17,Cases,32
Flaviviridae,Flavivirus,DENV,AMRO,Puerto Rico,San Juan,,1999-10-24,Cases,46
Flaviviridae,Flavivirus,DENV,AMRO,Puerto Rico,San Juan,,1999-10-31,Cases,61
Flaviviridae,Flavivirus,DENV,AMRO,Puerto Rico,San Juan,,1999-11-07,Cases,42
Flaviviridae,Flavivirus,DENV,AMRO,Puerto Rico,San Juan,,1999-11-14,Cases,37
Flaviviridae,Flavivirus,DENV,AMRO,Puerto Rico,San Juan,,1999-11-21,Cases,43
Flaviviridae,Flavivirus,DENV,AMRO,Puerto Rico,San Juan,,1999-11-28,Cases,34
Flaviviridae,Flavivirus,DENV,AMRO,Puerto Rico,San Juan,,1999-12-05,Cases,40
Flaviviridae,Flavivirus,DENV,AMRO,Puerto Rico,San Juan,,1999-12-12,Cases,25
Flaviviridae,Flavivirus,DENV,AMRO,Puerto Rico,San Juan,,1999-12-19,Cases,16
Flaviviridae,Flavivirus,DENV,AMRO,Puerto Rico,San Juan,,1999-12-26,Cases,17
Flaviviridae,Flavivirus,DENV,AMRO,Puerto Rico,San Juan,,2000-01-02,Cases,17
Flaviviridae,Flavivirus,DENV,AMRO,Puerto Rico,San Juan,,2000-01-09,Cases,16
Flaviviridae,Flavivirus,DENV,AMRO,Puerto Rico,San Juan,,2000-01-16,Cases,23
Flaviviridae,Flavivirus,DENV,AMRO,Puerto Rico,San Juan,,2000-01-23,Cases,18
Flaviviridae,Flavivirus,DENV,AMRO,Puerto Rico,San Juan,,2000-01-30,Cases,18
Flaviviridae,Flavivirus,DENV,AMRO,Puerto Rico,San Juan,,2000-02-06,Cases,9
Flaviviridae,Flavivirus,DENV,AMRO,Puerto Rico,San Juan,,2000-02-13,Cases,7
Flaviviridae,Flavivirus,DENV,AMRO,Puerto Rico,San Juan,,2000-02-20,Cases,7
Flaviviridae,Flavivirus,DENV,AMRO,Puerto Rico,San Juan,,2000-02-27,Cases,4
Flaviviridae,Flavivirus,DENV,AMRO,Puerto Rico,San Juan,,2000-03-05,Cases,3
Flaviviridae,Flavivirus,DENV,AMRO,Puerto Rico,San Juan,,2000-03-12,Cases,2
Flaviviridae,Flavivirus,DENV,AMRO,Puerto Rico,San Juan,,2000-03-19,Cases,8
Flaviviridae,Flavivirus,DENV,AMRO,Puerto Rico,San Juan,,2000-03-26,Cases,3
Flaviviridae,Flavivirus,DENV,AMRO,Puerto Rico,San Juan,,2000-04-02,Cases,1
Flaviviridae,Flavivirus,DENV,AMRO,Puerto Rico,San Juan,,2000-04-09,Cases,1
Flaviviridae,Flavivirus,DENV,AMRO,Puerto Rico,San Juan,,2000-04-16,Cases,2
Flaviviridae,Flavivirus,DENV,AMRO,Puerto Rico,San Juan,,2000-04-23,Cases,3
Flaviviridae,Flavivirus,DENV,AMRO,Puerto Rico,San Juan,,2000-04-30,Cases,3
Flaviviridae,Flavivirus,DENV,AMRO,Puerto Rico,San Juan,,2000-05-07,Cases,2
Flaviviridae,Flavivirus,DENV,AMRO,Puerto Rico,San Juan,,2000-05-14,Cases,0
Flaviviridae,Flavivirus,DENV,AMRO,Puerto Rico,San Juan,,2000-05-21,Cases,0
Flaviviridae,Flavivirus,DENV,AMRO,Puerto Rico,San Juan,,2000-05-28,Cases,2
Flaviviridae,Flavivirus,DENV,AMRO,Puerto Rico,San Juan,,2000-06-04,Cases,2
Flaviviridae,Flavivirus,DENV,AMRO,Puerto Rico,San Juan,,2000-06-11,Cases,0
Flaviviridae,Flavivirus,DENV,AMRO,Puerto Rico,San Juan,,2000-06-18,Cases,6
Flaviviridae,Flavivirus,DENV,AMRO,Puerto Rico,San Juan,,2000-06-25,Cases,3
Flaviviridae,Flavivirus,DENV,AMRO,Puerto Rico,San Juan,,2000-07-02,Cases,6
Flaviviridae,Flavivirus,DENV,AMRO,Puerto Rico,San Juan,,2000-07-09,Cases,2
Flaviviridae,Flavivirus,DENV,AMRO,Puerto Rico,San Juan,,2000-07-16,Cases,3
Flaviviridae,Flavivirus,DENV,AMRO,Puerto Rico,San Juan,,2000-07-23,Cases,2
Flaviviridae,Flavivirus,DENV,AMRO,Puerto Rico,San Juan,,2000-07-30,Cases,4
Flaviviridae,Flavivirus,DENV,AMRO,Puerto Rico,San Juan,,2000-08-06,Cases,5
Flaviviridae,Flavivirus,DENV,AMRO,Puerto Rico,San Juan,,2000-08-13,Cases,2
Flaviviridae,Flavivirus,DENV,AMRO,Puerto Rico,San Juan,,2000-08-20,Cases,9
Flaviviridae,Flavivirus,DENV,AMRO,Puerto Rico,San Juan,,2000-08-27,Cases,2
Flaviviridae,Flavivirus,DENV,AMRO,Puerto Rico,San Juan,,2000-09-03,Cases,4
Flaviviridae,Flavivirus,DENV,AMRO,Puerto Rico,San Juan,,2000-09-10,Cases,8
Flaviviridae,Flavivirus,DENV,AMRO,Puerto Rico,San Juan,,2000-09-17,Cases,6
Flaviviridae,Flavivirus,DENV,AMRO,Puerto Rico,San Juan,,2000-09-24,Cases,3
Flaviviridae,Flavivirus,DENV,AMRO,Puerto Rico,San Juan,,2000-10-01,Cases,11
Flaviviridae,Flavivirus,DENV,AMRO,Puerto Rico,San Juan,,2000-10-08,Cases,14
Flaviviridae,Flavivirus,DENV,AMRO,Puerto Rico,San Juan,,2000-10-15,Cases,15
Flaviviridae,Flavivirus,DENV,AMRO,Puerto Rico,San Juan,,2000-10-22,Cases,20
Flaviviridae,Flavivirus,DENV,AMRO,Puerto Rico,San Juan,,2000-10-29,Cases,9
Flaviviridae,Flavivirus,DENV,AMRO,Puerto Rico,San Juan,,2000-11-05,Cases,20
Flaviviridae,Flavivirus,DENV,AMRO,Puerto Rico,San Juan,,2000-11-12,Cases,28
Flaviviridae,Flavivirus,DENV,AMRO,Puerto Rico,San Juan,,2000-11-19,Cases,38
Flaviviridae,Flavivirus,DENV,AMRO,Puerto Rico,San Juan,,2000-11-26,Cases,30
Flaviviridae,Flavivirus,DENV,AMRO,Puerto Rico,San Juan,,2000-12-03,Cases,30
Flaviviridae,Flavivirus,DENV,AMRO,Puerto Rico,San Juan,,2000-12-10,Cases,23
Flaviviridae,Flavivirus,DENV,AMRO,Puerto Rico,San Juan,,2000-12-17,Cases,16
Flaviviridae,Flavivirus,DENV,AMRO,Puerto Rico,San Juan,,2000-12-24,Cases,22
Flaviviridae,Flavivirus,DENV,AMRO,Puerto Rico,San Juan,,2001-01-07,Cases,28
Flaviviridae,Flavivirus,DENV,AMRO,Puerto Rico,San Juan,,2001-01-14,Cases,14
Flaviviridae,Flavivirus,DENV,AMRO,Puerto Rico,San Juan,,2001-01-21,Cases,17
Flaviviridae,Flavivirus,DENV,AMRO,Puerto Rico,San Juan,,2001-01-28,Cases,20
Flaviviridae,Flavivirus,DENV,AMRO,Puerto Rico,San Juan,,2001-02-04,Cases,17
Flaviviridae,Flavivirus,DENV,AMRO,Puerto Rico,San Juan,,2001-02-11,Cases,10
Flaviviridae,Flavivirus,DENV,AMRO,Puerto Rico,San Juan,,2001-02-18,Cases,13
Flaviviridae,Flavivirus,DENV,AMRO,Puerto Rico,San Juan,,2001-02-25,Cases,20
Flaviviridae,Flavivirus,DENV,AMRO,Puerto Rico,San Juan,,2001-03-04,Cases,9
Flaviviridae,Flavivirus,DENV,AMRO,Puerto Rico,San Juan,,2001-03-11,Cases,18
Flaviviridae,Flavivirus,DENV,AMRO,Puerto Rico,San Juan,,2001-03-18,Cases,9
Flaviviridae,Flavivirus,DENV,AMRO,Puerto Rico,San Juan,,2001-03-25,Cases,8
Flaviviridae,Flavivirus,DENV,AMRO,Puerto Rico,San Juan,,2001-04-01,Cases,19
Flaviviridae,Flavivirus,DENV,AMRO,Puerto Rico,San Juan,,2001-04-08,Cases,11
Flaviviridae,Flavivirus,DENV,AMRO,Puerto Rico,San Juan,,2001-04-15,Cases,4
Flaviviridae,Flavivirus,DENV,AMRO,Puerto Rico,San Juan,,2001-04-22,Cases,6
Flaviviridae,Flavivirus,DENV,AMRO,Puerto Rico,San Juan,,2001-04-29,Cases,6
Flaviviridae,Flavivirus,DENV,AMRO,Puerto Rico,San Juan,,2001-05-06,Cases,8
Flaviviridae,Flavivirus,DENV,AMRO,Puerto Rico,San Juan,,2001-05-13,Cases,13
Flaviviridae,Flavivirus,DENV,AMRO,Puerto Rico,San Juan,,2001-05-20,Cases,8
Flaviviridae,Flavivirus,DENV,AMRO,Puerto Rico,San Juan,,2001-05-27,Cases,8
Flaviviridae,Flavivirus,DENV,AMRO,Puerto Rico,San Juan,,2001-06-03,Cases,5
Flaviviridae,Flavivirus,DENV,AMRO,Puerto Rico,San Juan,,2001-06-10,Cases,16
Flaviviridae,Flavivirus,DENV,AMRO,Puerto Rico,San Juan,,2001-06-17,Cases,12
Flaviviridae,Flavivirus,DENV,AMRO,Puerto Rico,San Juan,,2001-06-24,Cases,11
Flaviviridae,Flavivirus,DENV,AMRO,Puerto Rico,San Juan,,2001-07-01,Cases,18
Flaviviridae,Flavivirus,DENV,AMRO,Puerto Rico,San Juan,,2001-07-08,Cases,10
Flaviviridae,Flavivirus,DENV,AMRO,Puerto Rico,San Juan,,2001-07-15,Cases,22
Flaviviridae,Flavivirus,DENV,AMRO,Puerto Rico,San Juan,,2001-07-22,Cases,14
Flaviviridae,Flavivirus,DENV,AMRO,Puerto Rico,San Juan,,2001-07-29,Cases,16
Flaviviridae,Flavivirus,DENV,AMRO,Puerto Rico,San Juan,,2001-08-05,Cases,18
Flaviviridae,Flavivirus,DENV,AMRO,Puerto Rico,San Juan,,2001-08-12,Cases,27
Flaviviridae,Flavivirus,DENV,AMRO,Puerto Rico,San Juan,,2001-08-19,Cases,38
Flaviviridae,Flavivirus,DENV,AMRO,Puerto Rico,San Juan,,2001-08-26,Cases,35
Flaviviridae,Flavivirus,DENV,AMRO,Puerto Rico,San Juan,,2001-09-02,Cases,41
Flaviviridae,Flavivirus,DENV,AMRO,Puerto Rico,San Juan,,2001-09-09,Cases,51
Flaviviridae,Flavivirus,DENV,AMRO,Puerto Rico,San Juan,,2001-09-16,Cases,65
Flaviviridae,Flavivirus,DENV,AMRO,Puerto Rico,San Juan,,2001-09-23,Cases,55
Flaviviridae,Flavivirus,DENV,AMRO,Puerto Rico,San Juan,,2001-09-30,Cases,54
Flaviviridae,Flavivirus,DENV,AMRO,Puerto Rico,San Juan,,2001-10-07,Cases,62
Flaviviridae,Flavivirus,DENV,AMRO,Puerto Rico,San Juan,,2001-10-14,Cases,64
Flaviviridae,Flavivirus,DENV,AMRO,Puerto Rico,San Juan,,2001-10-21,Cases,56
Flaviviridae,Flavivirus,DENV,AMRO,Puerto Rico,San Juan,,2001-10-28,Cases,65
Flaviviridae,Flavivirus,DENV,AMRO,Puerto Rico,San Juan,,2001-11-04,Cases,71
Flaviviridae,Flavivirus,DENV,AMRO,Puerto Rico,San Juan,,2001-11-11,Cases,75
Flaviviridae,Flavivirus,DENV,AMRO,Puerto Rico,San Juan,,2001-11-18,Cases,71
Flaviviridae,Flavivirus,DENV,AMRO,Puerto Rico,San Juan,,2001-11-25,Cases,72
Flaviviridae,Flavivirus,DENV,AMRO,Puerto Rico,San Juan,,2001-12-02,Cases,47
Flaviviridae,Flavivirus,DENV,AMRO,Puerto Rico,San Juan,,2001-12-09,Cases,27
Flaviviridae,Flavivirus,DENV,AMRO,Puerto Rico,San Juan,,2001-12-16,Cases,35
Flaviviridae,Flavivirus,DENV,AMRO,Puerto Rico,San Juan,,2001-12-23,Cases,25
Flaviviridae,Flavivirus,DENV,AMRO,Puerto Rico,San Juan,,2001-12-30,Cases,19
Flaviviridae,Flavivirus,DENV,AMRO,Puerto Rico,San Juan,,2002-01-13,Cases,37
Flaviviridae,Flavivirus,DENV,AMRO,Puerto Rico,San Juan,,2002-01-20,Cases,38
Flaviviridae,Flavivirus,DENV,AMRO,Puerto Rico,San Juan,,2002-01-27,Cases,34
Flaviviridae,Flavivirus,DENV,AMRO,Puerto Rico,San Juan,,2002-02-03,Cases,26
Flaviviridae,Flavivirus,DENV,AMRO,Puerto Rico,San Juan,,2002-02-10,Cases,19
Flaviviridae,Flavivirus,DENV,AMRO,Puerto Rico,San Juan,,2002-02-17,Cases,18
Flaviviridae,Flavivirus,DENV,AMRO,Puerto Rico,San Juan,,2002-02-24,Cases,22
Flaviviridae,Flavivirus,DENV,AMRO,Puerto Rico,San Juan,,2002-03-03,Cases,16
Flaviviridae,Flavivirus,DENV,AMRO,Puerto Rico,San Juan,,2002-03-10,Cases,18
Flaviviridae,Flavivirus,DENV,AMRO,Puerto Rico,San Juan,,2002-03-17,Cases,6
Flaviviridae,Flavivirus,DENV,AMRO,Puerto Rico,San Juan,,2002-03-24,Cases,12
Flaviviridae,Flavivirus,DENV,AMRO,Puerto Rico,San Juan,,2002-03-31,Cases,6
Flaviviridae,Flavivirus,DENV,AMRO,Puerto Rico,San Juan,,2002-04-07,Cases,6
Flaviviridae,Flavivirus,DENV,AMRO,Puerto Rico,San Juan,,2002-04-14,Cases,3
Flaviviridae,Flavivirus,DENV,AMRO,Puerto Rico,San Juan,,2002-04-21,Cases,7
Flaviviridae,Flavivirus,DENV,AMRO,Puerto Rico,San Juan,,2002-04-28,Cases,6
Flaviviridae,Flavivirus,DENV,AMRO,Puerto Rico,San Juan,,2002-05-05,Cases,1
Flaviviridae,Flavivirus,DENV,AMRO,Puerto Rico,San Juan,,2002-05-12,Cases,3
Flaviviridae,Flavivirus,DENV,AMRO,Puerto Rico,San Juan,,2002-05-19,Cases,2
Flaviviridae,Flavivirus,DENV,AMRO,Puerto Rico,San Juan,,2002-05-26,Cases,2
Flaviviridae,Flavivirus,DENV,AMRO,Puerto Rico,San Juan,,2002-06-02,Cases,1
Flaviviridae,Flavivirus,DENV,AMRO,Puerto Rico,San Juan,,2002-06-09,Cases,10
Flaviviridae,Flavivirus,DENV,AMRO,Puerto Rico,San Juan,,2002-06-16,Cases,3
Flaviviridae,Flavivirus,DENV,AMRO,Puerto Rico,San Juan,,2002-06-23,Cases,3
Flaviviridae,Flavivirus,DENV,AMRO,Puerto Rico,San Juan,,2002-06-30,Cases,1
Flaviviridae,Flavivirus,DENV,AMRO,Puerto Rico,San Juan,,2002-07-07,Cases,1
Flaviviridae,Flavivirus,DENV,AMRO,Puerto Rico,San Juan,,2002-07-14,Cases,2
Flaviviridae,Flavivirus,DENV,AMRO,Puerto Rico,San Juan,,2002-07-21,Cases,6
Flaviviridae,Flavivirus,DENV,AMRO,Puerto Rico,San Juan,,2002-07-28,Cases,3
Flaviviridae,Flavivirus,DENV,AMRO,Puerto Rico,San Juan,,2002-08-04,Cases,3
Flaviviridae,Flavivirus,DENV,AMRO,Puerto Rico,San Juan,,2002-08-11,Cases,5
Flaviviridae,Flavivirus,DENV,AMRO,Puerto Rico,San Juan,,2002-08-18,Cases,4
Flaviviridae,Flavivirus,DENV,AMRO,Puerto Rico,San Juan,,2002-08-25,Cases,7
Flaviviridae,Flavivirus,DENV,AMRO,Puerto Rico,San Juan,,2002-09-01,Cases,6
Flaviviridae,Flavivirus,DENV,AMRO,Puerto Rico,San Juan,,2002-09-08,Cases,5
Flaviviridae,Flavivirus,DENV,AMRO,Puerto Rico,San Juan,,2002-09-15,Cases,7
Flaviviridae,Flavivirus,DENV,AMRO,Puerto Rico,San Juan,,2002-09-22,Cases,6
Flaviviridae,Flavivirus,DENV,AMRO,Puerto Rico,San Juan,,2002-09-29,Cases,4
Flaviviridae,Flavivirus,DENV,AMRO,Puerto Rico,San Juan,,2002-10-06,Cases,4
Flaviviridae,Flavivirus,DENV,AMRO,Puerto Rico,San Juan,,2002-10-13,Cases,7
Flaviviridae,Flavivirus,DENV,AMRO,Puerto Rico,San Juan,,2002-10-20,Cases,9
Flaviviridae,Flavivirus,DENV,AMRO,Puerto Rico,San Juan,,2002-10-27,Cases,5
Flaviviridae,Flavivirus,DENV,AMRO,Puerto Rico,San Juan,,2002-11-03,Cases,5
Flaviviridae,Flavivirus,DENV,AMRO,Puerto Rico,San Juan,,2002-11-10,Cases,10
Flaviviridae,Flavivirus,DENV,AMRO,Puerto Rico,San Juan,,2002-11-17,Cases,6
Flaviviridae,Flavivirus,DENV,AMRO,Puerto Rico,San Juan,,2002-11-24,Cases,13
Flaviviridae,Flavivirus,DENV,AMRO,Puerto Rico,San Juan,,2002-12-01,Cases,6
Flaviviridae,Flavivirus,DENV,AMRO,Puerto Rico,San Juan,,2002-12-08,Cases,5
Flaviviridae,Flavivirus,DENV,AMRO,Puerto Rico,San Juan,,2002-12-15,Cases,5
Flaviviridae,Flavivirus,DENV,AMRO,Puerto Rico,San Juan,,2002-12-22,Cases,9
Flaviviridae,Flavivirus,DENV,AMRO,Puerto Rico,San Juan,,2002-12-29,Cases,3
Flaviviridae,Flavivirus,DENV,AMRO,Puerto Rico,San Juan,,2003-01-05,Cases,6
Flaviviridae,Flavivirus,DENV,AMRO,Puerto Rico,San Juan,,2003-01-12,Cases,11
Flaviviridae,Flavivirus,DENV,AMRO,Puerto Rico,San Juan,,2003-01-19,Cases,7
Flaviviridae,Flavivirus,DENV,AMRO,Puerto Rico,San Juan,,2003-01-26,Cases,7
Flaviviridae,Flavivirus,DENV,AMRO,Puerto Rico,San Juan,,2003-02-02,Cases,15
Flaviviridae,Flavivirus,DENV,AMRO,Puerto Rico,San Juan,,2003-02-09,Cases,9
Flaviviridae,Flavivirus,DENV,AMRO,Puerto Rico,San Juan,,2003-02-16,Cases,6
Flaviviridae,Flavivirus,DENV,AMRO,Puerto Rico,San Juan,,2003-02-23,Cases,6
Flaviviridae,Flavivirus,DENV,AMRO,Puerto Rico,San Juan,,2003-03-02,Cases,6
Flaviviridae,Flavivirus,DENV,AMRO,Puerto Rico,San Juan,,2003-03-09,Cases,7
Flaviviridae,Flavivirus,DENV,AMRO,Puerto Rico,San Juan,,2003-03-16,Cases,10
Flaviviridae,Flavivirus,DENV,AMRO,Puerto Rico,San Juan,,2003-03-23,Cases,8
Flaviviridae,Flavivirus,DENV,AMRO,Puerto Rico,San Juan,,2003-03-30,Cases,7
Flaviviridae,Flavivirus,DENV,AMRO,Puerto Rico,San Juan,,2003-04-06,Cases,12
Flaviviridae,Flavivirus,DENV,AMRO,Puerto Rico,San Juan,,2003-04-13,Cases,3
Flaviviridae,Flavivirus,DENV,AMRO,Puerto Rico,San Juan,,2003-04-20,Cases,2
Flaviviridae,Flavivirus,DENV,AMRO,Puerto Rico,San Juan,,2003-04-27,Cases,7
Flaviviridae,Flavivirus,DENV,AMRO,Puerto Rico,San Juan,,2003-05-04,Cases,5
Flaviviridae,Flavivirus,DENV,AMRO,Puerto Rico,San Juan,,2003-05-11,Cases,5
Flaviviridae,Flavivirus,DENV,AMRO,Puerto Rico,San Juan,,2003-05-18,Cases,7
Flaviviridae,Flavivirus,DENV,AMRO,Puerto Rico,San Juan,,2003-05-25,Cases,7
Flaviviridae,Flavivirus,DENV,AMRO,Puerto Rico,San Juan,,2003-06-01,Cases,7
Flaviviridae,Flavivirus,DENV,AMRO,Puerto Rico,San Juan,,2003-06-08,Cases,7
Flaviviridae,Flavivirus,DENV,AMRO,Puerto Rico,San Juan,,2003-06-15,Cases,10
Flaviviridae,Flavivirus,DENV,AMRO,Puerto Rico,San Juan,,2003-06-22,Cases,13
Flaviviridae,Flavivirus,DENV,AMRO,Puerto Rico,San Juan,,2003-06-29,Cases,10
Flaviviridae,Flavivirus,DENV,AMRO,Puerto Rico,San Juan,,2003-07-06,Cases,14
Flaviviridae,Flavivirus,DENV,AMRO,Puerto Rico,San Juan,,2003-07-13,Cases,11
Flaviviridae,Flavivirus,DENV,AMRO,Puerto Rico,San Juan,,2003-07-20,Cases,20
Flaviviridae,Flavivirus,DENV,AMRO,Puerto Rico,San Juan,,2003-07-27,Cases,25
Flaviviridae,Flavivirus,DENV,AMRO,Puerto Rico,San Juan,,2003-08-03,Cases,17
Flaviviridae,Flavivirus,DENV,AMRO,Puerto Rico,San Juan,,2003-08-10,Cases,18
Flaviviridae,Flavivirus,DENV,AMRO,Puerto Rico,San Juan,,2003-08-17,Cases,25
Flaviviridae,Flavivirus,DENV,AMRO,Puerto Rico,San Juan,,2003-08-24,Cases,21
Flaviviridae,Flavivirus,DENV,AMRO,Puerto Rico,San Juan,,2003-08-31,Cases,31
Flaviviridae,Flavivirus,DENV,AMRO,Puerto Rico,San Juan,,2003-09-07,Cases,32
Flaviviridae,Flavivirus,DENV,AMRO,Puerto Rico,San Juan,,2003-09-14,Cases,26
Flaviviridae,Flavivirus,DENV,AMRO,Puerto Rico,San Juan,,2003-09-21,Cases,35
Flaviviridae,Flavivirus,DENV,AMRO,Puerto Rico,San Juan,,2003-09-28,Cases,28
Flaviviridae,Flavivirus,DENV,AMRO,Puerto Rico,San Juan,,2003-10-05,Cases,37
Flaviviridae,Flavivirus,DENV,AMRO,Puerto Rico,San Juan,,2003-10-12,Cases,41
Flaviviridae,Flavivirus,DENV,AMRO,Puerto Rico,San Juan,,2003-10-19,Cases,34
Flaviviridae,Flavivirus,DENV,AMRO,Puerto Rico,San Juan,,2003-10-26,Cases,30
Flaviviridae,Flavivirus,DENV,AMRO,Puerto Rico,San Juan,,2003-11-02,Cases,39
Flaviviridae,Flavivirus,DENV,AMRO,Puerto Rico,San Juan,,2003-11-09,Cases,39
Flaviviridae,Flavivirus,DENV,AMRO,Puerto Rico,San Juan,,2003-11-16,Cases,39
Flaviviridae,Flavivirus,DENV,AMRO,Puerto Rico,San Juan,,2003-11-23,Cases,34
Flaviviridae,Flavivirus,DENV,AMRO,Puerto Rico,San Juan,,2003-11-30,Cases,30
Flaviviridae,Flavivirus,DENV,AMRO,Puerto Rico,San Juan,,2003-12-07,Cases,37
Flaviviridae,Flavivirus,DENV,AMRO,Puerto Rico,San Juan,,2003-12-14,Cases,29
Flaviviridae,Flavivirus,DENV,AMRO,Puerto Rico,San Juan,,2003-12-21,Cases,26
Flaviviridae,Flavivirus,DENV,AMRO,Puerto Rico,San Juan,,2003-12-28,Cases,15
Flaviviridae,Flavivirus,DENV,AMRO,Puerto Rico,San Juan,,2004-01-04,Cases,22
Flaviviridae,Flavivirus,DENV,AMRO,Puerto Rico,San Juan,,2004-01-11,Cases,15
Flaviviridae,Flavivirus,DENV,AMRO,Puerto Rico,San Juan,,2004-01-18,Cases,20
Flaviviridae,Flavivirus,DENV,AMRO,Puerto Rico,San Juan,,2004-01-25,Cases,14
Flaviviridae,Flavivirus,DENV,AMRO,Puerto Rico,San Juan,,2004-02-01,Cases,10
Flaviviridae,Flavivirus,DENV,AMRO,Puerto Rico,San Juan,,2004-02-08,Cases,21
Flaviviridae,Flavivirus,DENV,AMRO,Puerto Rico,San Juan,,2004-02-15,Cases,14
Flaviviridae,Flavivirus,DENV,AMRO,Puerto Rico,San Juan,,2004-02-22,Cases,14
Flaviviridae,Flavivirus,DENV,AMRO,Puerto Rico,San Juan,,2004-02-29,Cases,9
Flaviviridae,Flavivirus,DENV,AMRO,Puerto Rico,San Juan,,2004-03-07,Cases,11
Flaviviridae,Flavivirus,DENV,AMRO,Puerto Rico,San Juan,,2004-03-14,Cases,5
Flaviviridae,Flavivirus,DENV,AMRO,Puerto Rico,San Juan,,2004-03-21,Cases,6
Flaviviridae,Flavivirus,DENV,AMRO,Puerto Rico,San Juan,,2004-03-28,Cases,7
Flaviviridae,Flavivirus,DENV,AMRO,Puerto Rico,San Juan,,2004-04-04,Cases,11
Flaviviridae,Flavivirus,DENV,AMRO,Puerto Rico,San Juan,,2004-04-11,Cases,4
Flaviviridae,Flavivirus,DENV,AMRO,Puerto Rico,San Juan,,2004-04-18,Cases,3
Flaviviridae,Flavivirus,DENV,AMRO,Puerto Rico,San Juan,,2004-04-25,Cases,2
Flaviviridae,Flavivirus,DENV,AMRO,Puerto Rico,San Juan,,2004-05-02,Cases,6
Flaviviridae,Flavivirus,DENV,AMRO,Puerto Rico,San Juan,,2004-05-09,Cases,10
Flaviviridae,Flavivirus,DENV,AMRO,Puerto Rico,San Juan,,2004-05-16,Cases,7
Flaviviridae,Flavivirus,DENV,AMRO,Puerto Rico,San Juan,,2004-05-23,Cases,5
Flaviviridae,Flavivirus,DENV,AMRO,Puerto Rico,San Juan,,2004-05-30,Cases,3
Flaviviridae,Flavivirus,DENV,AMRO,Puerto Rico,San Juan,,2004-06-06,Cases,12
Flaviviridae,Flavivirus,DENV,AMRO,Puerto Rico,San Juan,,2004-06-13,Cases,13
Flaviviridae,Flavivirus,DENV,AMRO,Puerto Rico,San Juan,,2004-06-20,Cases,10
Flaviviridae,Flavivirus,DENV,AMRO,Puerto Rico,San Juan,,2004-06-27,Cases,13
Flaviviridae,Flavivirus,DENV,AMRO,Puerto Rico,San Juan,,2004-07-04,Cases,13
Flaviviridae,Flavivirus,DENV,AMRO,Puerto Rico,San Juan,,2004-07-11,Cases,8
Flaviviridae,Flavivirus,DENV,AMRO,Puerto Rico,San Juan,,2004-07-18,Cases,21
Flaviviridae,Flavivirus,DENV,AMRO,Puerto Rico,San Juan,,2004-07-25,Cases,18
Flaviviridae,Flavivirus,DENV,AMRO,Puerto Rico,San Juan,,2004-08-01,Cases,8
Flaviviridae,Flavivirus,DENV,AMRO,Puerto Rico,San Juan,,2004-08-08,Cases,7
Flaviviridae,Flavivirus,DENV,AMRO,Puerto Rico,San Juan,,2004-08-15,Cases,20
Flaviviridae,Flavivirus,DENV,AMRO,Puerto Rico,San Juan,,2004-08-22,Cases,14
Flaviviridae,Flavivirus,DENV,AMRO,Puerto Rico,San Juan,,2004-08-29,Cases,14
Flaviviridae,Flavivirus,DENV,AMRO,Puerto Rico,San Juan,,2004-09-05,Cases,7
Flaviviridae,Flavivirus,DENV,AMRO,Puerto Rico,San Juan,,2004-09-12,Cases,14
Flaviviridae,Flavivirus,DENV,AMRO,Puerto Rico,San Juan,,2004-09-19,Cases,10
Flaviviridae,Flavivirus,DENV,AMRO,Puerto Rico,San Juan,,2004-09-26,Cases,13
Flaviviridae,Flavivirus,DENV,AMRO,Puerto Rico,San Juan,,2004-10-03,Cases,27
Flaviviridae,Flavivirus,DENV,AMRO,Puerto Rico,San Juan,,2004-10-10,Cases,13
Flaviviridae,Flavivirus,DENV,AMRO,Puerto Rico,San Juan,,2004-10-17,Cases,18
Flaviviridae,Flavivirus,DENV,AMRO,Puerto Rico,San Juan,,2004-10-24,Cases,16
Flaviviridae,Flavivirus,DENV,AMRO,Puerto Rico,San Juan,,2004-10-31,Cases,16
Flaviviridae,Flavivirus,DENV,AMRO,Puerto Rico,San Juan,,2004-11-07,Cases,20
Flaviviridae,Flavivirus,DENV,AMRO,Puerto Rico,San Juan,,2004-11-14,Cases,17
Flaviviridae,Flavivirus,DENV,AMRO,Puerto Rico,San Juan,,2004-11-21,Cases,4
Flaviviridae,Flavivirus,DENV,AMRO,Puerto Rico,San Juan,,2004-11-28,Cases,15
Flaviviridae,Flavivirus,DENV,AMRO,Puerto Rico,San Juan,,2004-12-05,Cases,8
Flaviviridae,Flavivirus,DENV,AMRO,Puerto Rico,San Juan,,2004-12-12,Cases,6
Flaviviridae,Flavivirus,DENV,AMRO,Puerto Rico,San Juan,,2004-12-19,Cases,12
Flaviviridae,Flavivirus,DENV,AMRO,Puerto Rico,San Juan,,2004-12-26,Cases,15
Flaviviridae,Flavivirus,DENV,AMRO,Puerto Rico,San Juan,,2005-01-02,Cases,11
Flaviviridae,Flavivirus,DENV,AMRO,Puerto Rico,San Juan,,2005-01-09,Cases,10
Flaviviridae,Flavivirus,DENV,AMRO,Puerto Rico,San Juan,,2005-01-09,Cases,15
Flaviviridae,Flavivirus,DENV,AMRO,Puerto Rico,San Juan,,2005-01-16,Cases,17
Flaviviridae,Flavivirus,DENV,AMRO,Puerto Rico,San Juan,,2005-01-23,Cases,7
Flaviviridae,Flavivirus,DENV,AMRO,Puerto Rico,San Juan,,2005-01-30,Cases,7
Flaviviridae,Flavivirus,DENV,AMRO,Puerto Rico,San Juan,,2005-02-06,Cases,8
Flaviviridae,Flavivirus,DENV,AMRO,Puerto Rico,San Juan,,2005-02-13,Cases,9
Flaviviridae,Flavivirus,DENV,AMRO,Puerto Rico,San Juan,,2005-02-20,Cases,12
Flaviviridae,Flavivirus,DENV,AMRO,Puerto Rico,San Juan,,2005-02-27,Cases,12
Flaviviridae,Flavivirus,DENV,AMRO,Puerto Rico,San Juan,,2005-03-06,Cases,5
Flaviviridae,Flavivirus,DENV,AMRO,Puerto Rico,San Juan,,2005-03-13,Cases,4
Flaviviridae,Flavivirus,DENV,AMRO,Puerto Rico,San Juan,,2005-03-20,Cases,11
Flaviviridae,Flavivirus,DENV,AMRO,Puerto Rico,San Juan,,2005-03-27,Cases,4
Flaviviridae,Flavivirus,DENV,AMRO,Puerto Rico,San Juan,,2005-04-03,Cases,5
Flaviviridae,Flavivirus,DENV,AMRO,Puerto Rico,San Juan,,2005-04-10,Cases,7
Flaviviridae,Flavivirus,DENV,AMRO,Puerto Rico,San Juan,,2005-04-17,Cases,1
Flaviviridae,Flavivirus,DENV,AMRO,Puerto Rico,San Juan,,2005-04-24,Cases,1
Flaviviridae,Flavivirus,DENV,AMRO,Puerto Rico,San Juan,,2005-05-01,Cases,4
Flaviviridae,Flavivirus,DENV,AMRO,Puerto Rico,San Juan,,2005-05-08,Cases,2
Flaviviridae,Flavivirus,DENV,AMRO,Puerto Rico,San Juan,,2005-05-15,Cases,6
Flaviviridae,Flavivirus,DENV,AMRO,Puerto Rico,San Juan,,2005-05-22,Cases,3
Flaviviridae,Flavivirus,DENV,AMRO,Puerto Rico,San Juan,,2005-05-29,Cases,4
Flaviviridae,Flavivirus,DENV,AMRO,Puerto Rico,San Juan,,2005-06-05,Cases,10
Flaviviridae,Flavivirus,DENV,AMRO,Puerto Rico,San Juan,,2005-06-12,Cases,12
Flaviviridae,Flavivirus,DENV,AMRO,Puerto Rico,San Juan,,2005-06-19,Cases,21
Flaviviridae,Flavivirus,DENV,AMRO,Puerto Rico,San Juan,,2005-06-26,Cases,26
Flaviviridae,Flavivirus,DENV,AMRO,Puerto Rico,San Juan,,2005-07-03,Cases,21
Flaviviridae,Flavivirus,DENV,AMRO,Puerto Rico,San Juan,,2005-07-10,Cases,30
Flaviviridae,Flavivirus,DENV,AMRO,Puerto Rico,San Juan,,2005-07-17,Cases,45
Flaviviridae,Flavivirus,DENV,AMRO,Puerto Rico,San Juan,,2005-07-24,Cases,56
Flaviviridae,Flavivirus,DENV,AMRO,Puerto Rico,San Juan,,2005-07-31,Cases,75
Flaviviridae,Flavivirus,DENV,AMRO,Puerto Rico,San Juan,,2005-08-07,Cases,83
Flaviviridae,Flavivirus,DENV,AMRO,Puerto Rico,San Juan,,2005-08-14,Cases,82
Flaviviridae,Flavivirus,DENV,AMRO,Puerto Rico,San Juan,,2005-08-21,Cases,126
Flaviviridae,Flavivirus,DENV,AMRO,Puerto Rico,San Juan,,2005-08-28,Cases,119
Flaviviridae,Flavivirus,DENV,AMRO,Puerto Rico,San Juan,,2005-09-04,Cases,137
Flaviviridae,Flavivirus,DENV,AMRO,Puerto Rico,San Juan,,2005-09-11,Cases,131
Flaviviridae,Flavivirus,DENV,AMRO,Puerto Rico,San Juan,,2005-09-18,Cases,112
Flaviviridae,Flavivirus,DENV,AMRO,Puerto Rico,San Juan,,2005-09-25,Cases,82
Flaviviridae,Flavivirus,DENV,AMRO,Puerto Rico,San Juan,,2005-10-02,Cases,73
Flaviviridae,Flavivirus,DENV,AMRO,Puerto Rico,San Juan,,2005-10-09,Cases,43
Flaviviridae,Flavivirus,DENV,AMRO,Puerto Rico,San Juan,,2005-10-16,Cases,55
Flaviviridae,Flavivirus,DENV,AMRO,Puerto Rico,San Juan,,2005-10-23,Cases,55
Flaviviridae,Flavivirus,DENV,AMRO,Puerto Rico,San Juan,,2005-10-30,Cases,53
Flaviviridae,Flavivirus,DENV,AMRO,Puerto Rico,San Juan,,2005-11-06,Cases,46
Flaviviridae,Flavivirus,DENV,AMRO,Puerto Rico,San Juan,,2005-11-13,Cases,43
Flaviviridae,Flavivirus,DENV,AMRO,Puerto Rico,San Juan,,2005-11-20,Cases,29
Flaviviridae,Flavivirus,DENV,AMRO,Puerto Rico,San Juan,,2005-11-27,Cases,22
Flaviviridae,Flavivirus,DENV,AMRO,Puerto Rico,San Juan,,2005-12-04,Cases,26
Flaviviridae,Flavivirus,DENV,AMRO,Puerto Rico,San Juan,,2005-12-11,Cases,13
Flaviviridae,Flavivirus,DENV,AMRO,Puerto Rico,San Juan,,2005-12-18,Cases,17
Flaviviridae,Flavivirus,DENV,AMRO,Puerto Rico,San Juan,,2005-12-25,Cases,8
Flaviviridae,Flavivirus,DENV,AMRO,Puerto Rico,San Juan,,2006-01-01,Cases,13
Flaviviridae,Flavivirus,DENV,AMRO,Puerto Rico,San Juan,,2006-01-08,Cases,10
Flaviviridae,Flavivirus,DENV,AMRO,Puerto Rico,San Juan,,2006-01-15,Cases,17
Flaviviridae,Flavivirus,DENV,AMRO,Puerto Rico,San Juan,,2006-01-22,Cases,19
Flaviviridae,Flavivirus,DENV,AMRO,Puerto Rico,San Juan,,2006-01-29,Cases,9
Flaviviridae,Flavivirus,DENV,AMRO,Puerto Rico,San Juan,,2006-02-05,Cases,9
Flaviviridae,Flavivirus,DENV,AMRO,Puerto Rico,San Juan,,2006-02-12,Cases,9
Flaviviridae,Flavivirus,DENV,AMRO,Puerto Rico,San Juan,,2006-02-19,Cases,3
Flaviviridae,Flavivirus,DENV,AMRO,Puerto Rico,San Juan,,2006-02-26,Cases,7
Flaviviridae,Flavivirus,DENV,AMRO,Puerto Rico,San Juan,,2006-03-05,Cases,7
Flaviviridae,Flavivirus,DENV,AMRO,Puerto Rico,San Juan,,2006-03-12,Cases,0
Flaviviridae,Flavivirus,DENV,AMRO,Puerto Rico,San Juan,,2006-03-19,Cases,2
Flaviviridae,Flavivirus,DENV,AMRO,Puerto Rico,San Juan,,2006-03-26,Cases,3
Flaviviridae,Flavivirus,DENV,AMRO,Puerto Rico,San Juan,,2006-04-02,Cases,3
Flaviviridae,Flavivirus,DENV,AMRO,Puerto Rico,San Juan,,2006-04-09,Cases,1
Flaviviridae,Flavivirus,DENV,AMRO,Puerto Rico,San Juan,,2006-04-16,Cases,3
Flaviviridae,Flavivirus,DENV,AMRO,Puerto Rico,San Juan,,2006-04-23,Cases,3
Flaviviridae,Flavivirus,DENV,AMRO,Puerto Rico,San Juan,,2006-04-30,Cases,3
Flaviviridae,Flavivirus,DENV,AMRO,Puerto Rico,San Juan,,2006-05-07,Cases,7
Flaviviridae,Flavivirus,DENV,AMRO,Puerto Rico,San Juan,,2006-05-14,Cases,3
Flaviviridae,Flavivirus,DENV,AMRO,Puerto Rico,San Juan,,2006-05-21,Cases,5
Flaviviridae,Flavivirus,DENV,AMRO,Puerto Rico,San Juan,,2006-05-28,Cases,11
Flaviviridae,Flavivirus,DENV,AMRO,Puerto Rico,San Juan,,2006-06-04,Cases,5
Flaviviridae,Flavivirus,DENV,AMRO,Puerto Rico,San Juan,,2006-06-11,Cases,5
Flaviviridae,Flavivirus,DENV,AMRO,Puerto Rico,San Juan,,2006-06-18,Cases,6
Flaviviridae,Flavivirus,DENV,AMRO,Puerto Rico,San Juan,,2006-06-25,Cases,6
Flaviviridae,Flavivirus,DENV,AMRO,Puerto Rico,San Juan,,2006-07-02,Cases,4
Flaviviridae,Flavivirus,DENV,AMRO,Puerto Rico,San Juan,,2006-07-09,Cases,4
Flaviviridae,Flavivirus,DENV,AMRO,Puerto Rico,San Juan,,2006-07-16,Cases,8
Flaviviridae,Flavivirus,DENV,AMRO,Puerto Rico,San Juan,,2006-07-23,Cases,14
Flaviviridae,Flavivirus,DENV,AMRO,Puerto Rico,San Juan,,2006-07-30,Cases,12
Flaviviridae,Flavivirus,DENV,AMRO,Puerto Rico,San Juan,,2006-08-06,Cases,16
Flaviviridae,Flavivirus,DENV,AMRO,Puerto Rico,San Juan,,2006-08-13,Cases,10
Flaviviridae,Flavivirus,DENV,AMRO,Puerto Rico,San Juan,,2006-08-20,Cases,16
Flaviviridae,Flavivirus,DENV,AMRO,Puerto Rico,San Juan,,2006-08-27,Cases,18
Flaviviridae,Flavivirus,DENV,AMRO,Puerto Rico,San Juan,,2006-09-03,Cases,15
Flaviviridae,Flavivirus,DENV,AMRO,Puerto Rico,San Juan,,2006-09-10,Cases,23
Flaviviridae,Flavivirus,DENV,AMRO,Puerto Rico,San Juan,,2006-09-17,Cases,17
Flaviviridae,Flavivirus,DENV,AMRO,Puerto Rico,San Juan,,2006-09-24,Cases,33
Flaviviridae,Flavivirus,DENV,AMRO,Puerto Rico,San Juan,,2006-10-01,Cases,15
Flaviviridae,Flavivirus,DENV,AMRO,Puerto Rico,San Juan,,2006-10-08,Cases,13
Flaviviridae,Flavivirus,DENV,AMRO,Puerto Rico,San Juan,,2006-10-15,Cases,11
Flaviviridae,Flavivirus,DENV,AMRO,Puerto Rico,San Juan,,2006-10-22,Cases,14
Flaviviridae,Flavivirus,DENV,AMRO,Puerto Rico,San Juan,,2006-10-29,Cases,17
Flaviviridae,Flavivirus,DENV,AMRO,Puerto Rico,San Juan,,2006-11-05,Cases,19
Flaviviridae,Flavivirus,DENV,AMRO,Puerto Rico,San Juan,,2006-11-12,Cases,20
Flaviviridae,Flavivirus,DENV,AMRO,Puerto Rico,San Juan,,2006-11-19,Cases,12
Flaviviridae,Flavivirus,DENV,AMRO,Puerto Rico,San Juan,,2006-11-26,Cases,21
Flaviviridae,Flavivirus,DENV,AMRO,Puerto Rico,San Juan,,2006-12-03,Cases,7
Flaviviridae,Flavivirus,DENV,AMRO,Puerto Rico,San Juan,,2006-12-10,Cases,19
Flaviviridae,Flavivirus,DENV,AMRO,Puerto Rico,San Juan,,2006-12-17,Cases,10
Flaviviridae,Flavivirus,DENV,AMRO,Puerto Rico,San Juan,,2006-12-24,Cases,13
Flaviviridae,Flavivirus,DENV,AMRO,Puerto Rico,San Juan,,2007-01-07,Cases,10
Flaviviridae,Flavivirus,DENV,AMRO,Puerto Rico,San Juan,,2007-01-14,Cases,8
Flaviviridae,Flavivirus,DENV,AMRO,Puerto Rico,San Juan,,2007-01-21,Cases,21
Flaviviridae,Flavivirus,DENV,AMRO,Puerto Rico,San Juan,,2007-01-28,Cases,11
Flaviviridae,Flavivirus,DENV,AMRO,Puerto Rico,San Juan,,2007-02-04,Cases,9
Flaviviridae,Flavivirus,DENV,AMRO,Puerto Rico,San Juan,,2007-02-11,Cases,14
Flaviviridae,Flavivirus,DENV,AMRO,Puerto Rico,San Juan,,2007-02-18,Cases,14
Flaviviridae,Flavivirus,DENV,AMRO,Puerto Rico,San Juan,,2007-02-25,Cases,15
Flaviviridae,Flavivirus,DENV,AMRO,Puerto Rico,San Juan,,2007-03-04,Cases,18
Flaviviridae,Flavivirus,DENV,AMRO,Puerto Rico,San Juan,,2007-03-11,Cases,16
Flaviviridae,Flavivirus,DENV,AMRO,Puerto Rico,San Juan,,2007-03-18,Cases,12
Flaviviridae,Flavivirus,DENV,AMRO,Puerto Rico,San Juan,,2007-03-25,Cases,20
Flaviviridae,Flavivirus,DENV,AMRO,Puerto Rico,San Juan,,2007-04-01,Cases,8
Flaviviridae,Flavivirus,DENV,AMRO,Puerto Rico,San Juan,,2007-04-08,Cases,3
Flaviviridae,Flavivirus,DENV,AMRO,Puerto Rico,San Juan,,2007-04-15,Cases,13
Flaviviridae,Flavivirus,DENV,AMRO,Puerto Rico,San Juan,,2007-04-22,Cases,4
Flaviviridae,Flavivirus,DENV,AMRO,Puerto Rico,San Juan,,2007-04-29,Cases,1
Flaviviridae,Flavivirus,DENV,AMRO,Puerto Rico,San Juan,,2007-05-06,Cases,10
Flaviviridae,Flavivirus,DENV,AMRO,Puerto Rico,San Juan,,2007-05-13,Cases,8
Flaviviridae,Flavivirus,DENV,AMRO,Puerto Rico,San Juan,,2007-05-20,Cases,13
Flaviviridae,Flavivirus,DENV,AMRO,Puerto Rico,San Juan,,2007-05-27,Cases,10
Flaviviridae,Flavivirus,DENV,AMRO,Puerto Rico,San Juan,,2007-06-03,Cases,21
Flaviviridae,Flavivirus,DENV,AMRO,Puerto Rico,San Juan,,2007-06-10,Cases,18
Flaviviridae,Flavivirus,DENV,AMRO,Puerto Rico,San Juan,,2007-06-17,Cases,21
Flaviviridae,Flavivirus,DENV,AMRO,Puerto Rico,San Juan,,2007-06-24,Cases,34
Flaviviridae,Flavivirus,DENV,AMRO,Puerto Rico,San Juan,,2007-07-01,Cases,25
Flaviviridae,Flavivirus,DENV,AMRO,Puerto Rico,San Juan,,2007-07-08,Cases,34
Flaviviridae,Flavivirus,DENV,AMRO,Puerto Rico,San Juan,,2007-07-15,Cases,33
Flaviviridae,Flavivirus,DENV,AMRO,Puerto Rico,San Juan,,2007-07-22,Cases,40
Flaviviridae,Flavivirus,DENV,AMRO,Puerto Rico,San Juan,,2007-07-29,Cases,42
Flaviviridae,Flavivirus,DENV,AMRO,Puerto Rico,San Juan,,2007-08-05,Cases,36
Flaviviridae,Flavivirus,DENV,AMRO,Puerto Rico,San Juan,,2007-08-12,Cases,72
Flaviviridae,Flavivirus,DENV,AMRO,Puerto Rico,San Juan,,2007-08-19,Cases,75
Flaviviridae,Flavivirus,DENV,AMRO,Puerto Rico,San Juan,,2007-08-26,Cases,76
Flaviviridae,Flavivirus,DENV,AMRO,Puerto Rico,San Juan,,2007-09-02,Cases,92
Flaviviridae,Flavivirus,DENV,AMRO,Puerto Rico,San Juan,,2007-09-09,Cases,71
Flaviviridae,Flavivirus,DENV,AMRO,Puerto Rico,San Juan,,2007-09-16,Cases,112
Flaviviridae,Flavivirus,DENV,AMRO,Puerto Rico,San Juan,,2007-09-23,Cases,106
Flaviviridae,Flavivirus,DENV,AMRO,Puerto Rico,San Juan,,2007-09-30,Cases,101
Flaviviridae,Flavivirus,DENV,AMRO,Puerto Rico,San Juan,,2007-10-07,Cases,170
Flaviviridae,Flavivirus,DENV,AMRO,Puerto Rico,San Juan,,2007-10-14,Cases,135
Flaviviridae,Flavivirus,DENV,AMRO,Puerto Rico,San Juan,,2007-10-21,Cases,106
Flaviviridae,Flavivirus,DENV,AMRO,Puerto Rico,San Juan,,2007-10-28,Cases,68
Flaviviridae,Flavivirus,DENV,AMRO,Puerto Rico,San Juan,,2007-11-04,Cases,48
Flaviviridae,Flavivirus,DENV,AMRO,Puerto Rico,San Juan,,2007-11-11,Cases,48
Flaviviridae,Flavivirus,DENV,AMRO,Puerto Rico,San Juan,,2007-11-18,Cases,26
Flaviviridae,Flavivirus,DENV,AMRO,Puerto Rico,San Juan,,2007-11-25,Cases,33
Flaviviridae,Flavivirus,DENV,AMRO,Puerto Rico,San Juan,,2007-12-02,Cases,29
Flaviviridae,Flavivirus,DENV,AMRO,Puerto Rico,San Juan,,2007-12-09,Cases,17
Flaviviridae,Flavivirus,DENV,AMRO,Puerto Rico,San Juan,,2007-12-16,Cases,12
Flaviviridae,Flavivirus,DENV,AMRO,Puerto Rico,San Juan,,2007-12-23,Cases,13
Flaviviridae,Flavivirus,DENV,AMRO,Puerto Rico,San Juan,,2007-12-30,Cases,17
Flaviviridae,Flavivirus,DENV,AMRO,Puerto Rico,San Juan,,2008-01-13,Cases,15
Flaviviridae,Flavivirus,DENV,AMRO,Puerto Rico,San Juan,,2008-01-20,Cases,14
Flaviviridae,Flavivirus,DENV,AMRO,Puerto Rico,San Juan,,2008-01-27,Cases,15
Flaviviridae,Flavivirus,DENV,AMRO,Puerto Rico,San Juan,,2008-02-03,Cases,10
Flaviviridae,Flavivirus,DENV,AMRO,Puerto Rico,San Juan,,2008-02-10,Cases,9
Flaviviridae,Flavivirus,DENV,AMRO,Puerto Rico,San Juan,,2008-02-17,Cases,2
Flaviviridae,Flavivirus,DENV,AMRO,Puerto Rico,San Juan,,2008-02-24,Cases,6
Flaviviridae,Flavivirus,DENV,AMRO,Puerto Rico,San Juan,,2008-03-02,Cases,8
Flaviviridae,Flavivirus,DENV,AMRO,Puerto Rico,San Juan,,2008-03-09,Cases,5
Flaviviridae,Flavivirus,DENV,AMRO,Puerto Rico,San Juan,,2008-03-16,Cases,1
Flaviviridae,Flavivirus,DENV,AMRO,Puerto Rico,San Juan,,2008-03-23,Cases,2
Flaviviridae,Flavivirus,DENV,AMRO,Puerto Rico,San Juan,,2008-03-30,Cases,3
Flaviviridae,Flavivirus,DENV,AMRO,Puerto Rico,San Juan,,2008-04-06,Cases,4
Flaviviridae,Flavivirus,DENV,AMRO,Puerto Rico,San Juan,,2008-04-13,Cases,3
Flaviviridae,Flavivirus,DENV,AMRO,Puerto Rico,San Juan,,2008-04-20,Cases,1
Flaviviridae,Flavivirus,DENV,AMRO,Puerto Rico,San Juan,,2008-04-27,Cases,3
Flaviviridae,Flavivirus,DENV,AMRO,Puerto Rico,San Juan,,2008-05-04,Cases,5
